start_date,end_date,iso3_country,CO2_emissions_tonnes,CH4_emissions_tonnes,N2O_emissions_tonnes,total_CO2e_100yrGWP,total_CO2e_20yrGWP
2015-01-01,2015-12-31,ABW,,,,,
2016-01-01,2016-12-31,ABW,,,,,
2017-01-01,2017-12-31,ABW,,,,,
2018-01-01,2018-12-31,ABW,,,,,
2019-01-01,2019-12-31,ABW,,,,,
2020-01-01,2020-12-31,ABW,,,,,
2021-01-01,2021-12-31,ABW,101.63105,0.1605350729,0.01296629435,109.64977689146,118.20629627703
2015-01-01,2015-12-31,AFG,8997.57,14.21,1.15,9707.979,10465.372
2016-01-01,2016-12-31,AFG,10165.53,16.06,1.3,10968.504,11824.502
2017-01-01,2017-12-31,AFG,17427.31,27.53,2.22,18801.457,20268.806000000004
2018-01-01,2018-12-31,AFG,,,,,
2019-01-01,2019-12-31,AFG,,,,,
2020-01-01,2020-12-31,AFG,17038.26,26.91,2.17,18381.459,19815.762
2021-01-01,2021-12-31,AFG,15407.85868,24.33805138,1.965765688,16623.544346325998,17920.76248488
2015-01-01,2015-12-31,AGO,66252628.68,104651.78,8452.64,71479984.06199999,77057923.936
2016-01-01,2016-12-31,AGO,65430076.43,103352.49,8347.7,70592533.00099999,76101220.718
2017-01-01,2017-12-31,AGO,62074417.85,98051.94,7919.58,66972112.316,72198280.71800001
2018-01-01,2018-12-31,AGO,59102842.64,93358.07,7540.46,63766078.373,68742063.50400001
2019-01-01,2019-12-31,AGO,58984010.4,93170.37,7525.3,63637870.623,68603851.344
2020-01-01,2020-12-31,AGO,60928721.08,96242.21,7773.41,65736019.669,70865729.46200001
2021-01-01,2021-12-31,AGO,46362493.32,73233.58605,5915.020412,50020510.943271,53923861.079736
2015-01-01,2015-12-31,AIA,,,,,
2016-01-01,2016-12-31,AIA,,,,,
2017-01-01,2017-12-31,AIA,,,,,
2018-01-01,2018-12-31,AIA,,,,,
2019-01-01,2019-12-31,AIA,,,,,
2020-01-01,2020-12-31,AIA,,,,,
2021-01-01,2021-12-31,AIA,,,,,
2015-01-01,2015-12-31,ALA,,,,,
2016-01-01,2016-12-31,ALA,,,,,
2017-01-01,2017-12-31,ALA,,,,,
2018-01-01,2018-12-31,ALA,,,,,
2019-01-01,2019-12-31,ALA,,,,,
2020-01-01,2020-12-31,ALA,,,,,
2021-01-01,2021-12-31,ALA,,,,,
2015-01-01,2015-12-31,ALB,41246.07,65.15,5.26,44499.735,47972.23
2016-01-01,2016-12-31,ALB,36083.86,57.0,4.6,38929.96000000001,41968.060000000005
2017-01-01,2017-12-31,ALB,174800.57,276.11,22.3,188591.939,203308.602
2018-01-01,2018-12-31,ALB,13301.57,21.01,1.7,14351.849,15471.682
2019-01-01,2019-12-31,ALB,73169.25,115.58,9.34,78943.75200000001,85104.16600000001
2020-01-01,2020-12-31,ALB,75591.45,119.4,9.64,81554.43,87918.45
2021-01-01,2021-12-31,ALB,88447.5132,139.7105312,11.28431213,95426.05423197,102872.62554493
2015-01-01,2015-12-31,AND,,,,,
2016-01-01,2016-12-31,AND,,,,,
2017-01-01,2017-12-31,AND,,,,,
2018-01-01,2018-12-31,AND,,,,,
2019-01-01,2019-12-31,AND,,,,,
2020-01-01,2020-12-31,AND,,,,,
2021-01-01,2021-12-31,AND,,,,,
2015-01-01,2015-12-31,ANT,,,,,
2016-01-01,2016-12-31,ANT,,,,,
2017-01-01,2017-12-31,ANT,,,,,
2018-01-01,2018-12-31,ANT,,,,,
2019-01-01,2019-12-31,ANT,,,,,
2020-01-01,2020-12-31,ANT,,,,,
2021-01-01,2021-12-31,ANT,,,,,
2015-01-01,2015-12-31,ARE,,,,,
2016-01-01,2016-12-31,ARE,,,,,
2017-01-01,2017-12-31,ARE,,,,,
2018-01-01,2018-12-31,ARE,,,,,
2019-01-01,2019-12-31,ARE,,,,,
2020-01-01,2020-12-31,ARE,,,,,
2021-01-01,2021-12-31,ARE,273.167055,0.4314910954,0.03485120386,294.72003521544,317.71851060026
2015-01-01,2015-12-31,ARG,13238357.33,20911.14,1688.98,14282869.676,15397433.438
2016-01-01,2016-12-31,ARG,27980592.59,44197.78,3569.82,30188271.512,32544013.186
2017-01-01,2017-12-31,ARG,29130580.45,46014.28,3716.54,31428994.282,33881555.406
2018-01-01,2018-12-31,ARG,22201664.76,35069.46,2832.53,23953383.384000003,25822585.602
2019-01-01,2019-12-31,ARG,13852673.47,21881.5,1767.35,14945653.87,16111937.820000002
2020-01-01,2020-12-31,ARG,19587638.34,30940.38,2499.03,21133110.132000003,22782232.386
2021-01-01,2021-12-31,ARG,9133500.727,14427.15789,1165.270445,9854137.263616,10623104.779153
2015-01-01,2015-12-31,ARM,,,,,
2016-01-01,2016-12-31,ARM,,,,,
2017-01-01,2017-12-31,ARM,,,,,
2018-01-01,2018-12-31,ARM,,,,,
2019-01-01,2019-12-31,ARM,,,,,
2020-01-01,2020-12-31,ARM,,,,,
2021-01-01,2021-12-31,ARM,1555.92298,2.457715521,0.198507792,1678.6858702519,1809.6821075212
2015-01-01,2015-12-31,ASM,,,,,
2016-01-01,2016-12-31,ASM,,,,,
2017-01-01,2017-12-31,ASM,,,,,
2018-01-01,2018-12-31,ASM,,,,,
2019-01-01,2019-12-31,ASM,,,,,
2020-01-01,2020-12-31,ASM,,,,,
2021-01-01,2021-12-31,ASM,,,,,
2015-01-01,2015-12-31,ATA,,,,,
2016-01-01,2016-12-31,ATA,,,,,
2017-01-01,2017-12-31,ATA,,,,,
2018-01-01,2018-12-31,ATA,,,,,
2019-01-01,2019-12-31,ATA,,,,,
2020-01-01,2020-12-31,ATA,,,,,
2021-01-01,2021-12-31,ATA,,,,,
2015-01-01,2015-12-31,ATF,,,,,
2016-01-01,2016-12-31,ATF,,,,,
2017-01-01,2017-12-31,ATF,,,,,
2018-01-01,2018-12-31,ATF,,,,,
2019-01-01,2019-12-31,ATF,,,,,
2020-01-01,2020-12-31,ATF,,,,,
2021-01-01,2021-12-31,ATF,,,,,
2015-01-01,2015-12-31,ATG,,,,,
2016-01-01,2016-12-31,ATG,,,,,
2017-01-01,2017-12-31,ATG,,,,,
2018-01-01,2018-12-31,ATG,,,,,
2019-01-01,2019-12-31,ATG,,,,,
2020-01-01,2020-12-31,ATG,,,,,
2021-01-01,2021-12-31,ATG,427.2268212,0.6748418804,0.05450645957,460.93517312577,496.90424535109
2015-01-01,2015-12-31,AUS,25279432.32,39931.06,3225.2,27273988.494000003,29402313.992
2016-01-01,2016-12-31,AUS,11890884.74,18782.69,1517.06,12829079.171,13830196.548
2017-01-01,2017-12-31,AUS,46170106.55,72929.69,5890.48,49812945.941,53700098.418
2018-01-01,2018-12-31,AUS,57603164.38,90989.2,7349.13,62148075.55,66997799.91
2019-01-01,2019-12-31,AUS,77370518.41,122213.46,9871.09,83475081.51399998,89989058.932
2020-01-01,2020-12-31,AUS,18391541.7,29051.04,2346.43,19842641.106,21391061.538
2021-01-01,2021-12-31,AUS,12440764.91,19651.269,1587.217881,13422345.796612998,14469758.434313
2015-01-01,2015-12-31,AUT,,,,,
2016-01-01,2016-12-31,AUT,,,,,
2017-01-01,2017-12-31,AUT,,,,,
2018-01-01,2018-12-31,AUT,,,,,
2019-01-01,2019-12-31,AUT,,,,,
2020-01-01,2020-12-31,AUT,,,,,
2021-01-01,2021-12-31,AUT,44.36275991,0.0700748334,0.00565989039,47.86299783833,51.59798645855
2015-01-01,2015-12-31,AZE,,,,,
2016-01-01,2016-12-31,AZE,9323.98,14.73,1.19,10059.817,10844.926
2017-01-01,2017-12-31,AZE,9557.89,15.1,1.22,10312.24,11117.07
2018-01-01,2018-12-31,AZE,17295.83,27.32,2.21,18661.388000000003,20117.544
2019-01-01,2019-12-31,AZE,23989.5,37.89,3.06,25882.011,27901.548000000003
2020-01-01,2020-12-31,AZE,11216.79,17.72,1.43,12101.568,13046.044
2021-01-01,2021-12-31,AZE,12210.51358,19.28756702,1.557841952,13173.927552754,14201.95487492
2015-01-01,2015-12-31,BDI,168246.17,265.76,21.47,181522.184,195687.192
2016-01-01,2016-12-31,BDI,159525.8,251.98,20.35,172111.59199999998,185542.126
2017-01-01,2017-12-31,BDI,68491.8,108.19,8.74,73896.32100000001,79662.84800000001
2018-01-01,2018-12-31,BDI,56110.29,88.63,7.16,60537.747,65261.726
2019-01-01,2019-12-31,BDI,67959.45,107.35,8.67,73321.425,79043.18
2020-01-01,2020-12-31,BDI,102224.44,161.47,13.04,110289.373,118895.724
2021-01-01,2021-12-31,BDI,45327.17943,71.59821781,5.782932977,48903.51040962,52719.695418893
2015-01-01,2015-12-31,BEL,,,,,
2016-01-01,2016-12-31,BEL,,,,,
2017-01-01,2017-12-31,BEL,,,,,
2018-01-01,2018-12-31,BEL,,,,,
2019-01-01,2019-12-31,BEL,,,,,
2020-01-01,2020-12-31,BEL,,,,,
2021-01-01,2021-12-31,BEL,,,,,
2015-01-01,2015-12-31,BEN,4844568.25,7652.42,618.08,5226806.608,5634680.594
2016-01-01,2016-12-31,BEN,6256336.46,9882.43,798.2,6749964.857,7276698.376
2017-01-01,2017-12-31,BEN,7323659.83,11568.36,934.37,7901500.084,8518093.672
2018-01-01,2018-12-31,BEN,5778322.61,9127.36,737.21,6234234.284,6720722.572000001
2019-01-01,2019-12-31,BEN,6300217.68,9951.74,803.79,6797305.896,7327733.637999999
2020-01-01,2020-12-31,BEN,4679076.6,7391.01,596.97,5048258.588999999,5442199.421999999
2021-01-01,2021-12-31,BEN,4536067.466,7165.112643,578.7206366,4893964.8425315,5275865.3464034
2015-01-01,2015-12-31,BES,,,,,
2016-01-01,2016-12-31,BES,,,,,
2017-01-01,2017-12-31,BES,,,,,
2018-01-01,2018-12-31,BES,,,,,
2019-01-01,2019-12-31,BES,,,,,
2020-01-01,2020-12-31,BES,,,,,
2021-01-01,2021-12-31,BES,23.1224082,0.03652385256,0.002950003476,24.946774635372,26.89349597682
2015-01-01,2015-12-31,BFA,6556380.35,10356.37,836.48,7073682.113,7625676.634
2016-01-01,2016-12-31,BFA,8154158.66,12880.2,1040.32,8797523.6,9484038.26
2017-01-01,2017-12-31,BFA,8949204.65,14136.05,1141.76,9655300.925,10408752.39
2018-01-01,2018-12-31,BFA,6362672.38,10050.39,811.76,6864688.741,7400374.528
2019-01-01,2019-12-31,BFA,7313808.34,11552.8,933.11,7890870.49,8506634.73
2020-01-01,2020-12-31,BFA,6996954.99,11052.3,892.69,7549018.53,8138106.12
2021-01-01,2021-12-31,BFA,5975929.13,9439.499234,762.421092,6447432.116744599,6950557.425916799
2015-01-01,2015-12-31,BGD,,,,,
2016-01-01,2016-12-31,BGD,,,,,
2017-01-01,2017-12-31,BGD,,,,,
2018-01-01,2018-12-31,BGD,,,,,
2019-01-01,2019-12-31,BGD,,,,,
2020-01-01,2020-12-31,BGD,,,,,
2021-01-01,2021-12-31,BGD,4851.672743,7.663638598,0.6189861945,5234.471490982701,5642.943428256101
2015-01-01,2015-12-31,BGR,,,,,
2016-01-01,2016-12-31,BGR,7327.12,11.57,0.93,7903.813,8520.493999999999
2017-01-01,2017-12-31,BGR,9189.54,14.52,1.17,9914.058,10687.974
2018-01-01,2018-12-31,BGR,1593.3,2.52,0.2,1718.208,1852.524
2019-01-01,2019-12-31,BGR,11703.7,18.49,1.49,12626.341,13611.858
2020-01-01,2020-12-31,BGR,5139.9,8.12,0.66,5546.628,5979.424
2021-01-01,2021-12-31,BGR,3090.336742,4.881455364,0.3942713948,3334.165437436,3594.3470083372
2015-01-01,2015-12-31,BHR,,,,,
2016-01-01,2016-12-31,BHR,,,,,
2017-01-01,2017-12-31,BHR,,,,,
2018-01-01,2018-12-31,BHR,,,,,
2019-01-01,2019-12-31,BHR,,,,,
2020-01-01,2020-12-31,BHR,,,,,
2021-01-01,2021-12-31,BHR,,,,,
2015-01-01,2015-12-31,BHS,33077.41,52.25,4.22,35687.245,38472.17
2016-01-01,2016-12-31,BHS,19984.75,31.57,2.55,21561.703,23244.384
2017-01-01,2017-12-31,BHS,116123.96,183.43,14.82,125287.517,135064.336
2018-01-01,2018-12-31,BHS,12116.68,19.14,1.55,13073.836,14093.998
2019-01-01,2019-12-31,BHS,28560.75,45.11,3.64,30813.039,33217.402
2020-01-01,2020-12-31,BHS,25695.99,40.59,3.28,27723.891,29887.338
2021-01-01,2021-12-31,BHS,21165.06946,33.43206597,2.700282252,22835.001155359,24616.93027156
2015-01-01,2015-12-31,BIH,21773.24,34.39,2.78,23491.661,25324.648
2016-01-01,2016-12-31,BIH,20189.63,31.89,2.58,21783.701,23483.438
2017-01-01,2017-12-31,BIH,122337.44,193.24,15.61,131990.366,142290.058
2018-01-01,2018-12-31,BIH,4457.25,7.04,0.57,4809.276,5184.508
2019-01-01,2019-12-31,BIH,18853.1,29.78,2.41,20341.892,21929.166
2020-01-01,2020-12-31,BIH,67183.5,106.12,8.57,72483.85800000001,78140.054
2021-01-01,2021-12-31,BIH,87415.60852,138.0805481,11.15265965,94312.73189644,101672.42511017
2015-01-01,2015-12-31,BLM,,,,,
2016-01-01,2016-12-31,BLM,,,,,
2017-01-01,2017-12-31,BLM,,,,,
2018-01-01,2018-12-31,BLM,,,,,
2019-01-01,2019-12-31,BLM,,,,,
2020-01-01,2020-12-31,BLM,,,,,
2021-01-01,2021-12-31,BLM,,,,,
2015-01-01,2015-12-31,BLR,,,,,
2016-01-01,2016-12-31,BLR,,,,,
2017-01-01,2017-12-31,BLR,,,,,
2018-01-01,2018-12-31,BLR,,,,,
2019-01-01,2019-12-31,BLR,,,,,
2020-01-01,2020-12-31,BLR,,,,,
2021-01-01,2021-12-31,BLR,,,,,
2015-01-01,2015-12-31,BLZ,205596.66,324.76,26.23,221818.254,239127.962
2016-01-01,2016-12-31,BLZ,137077.97,216.53,17.49,147893.927,159434.976
2017-01-01,2017-12-31,BLZ,66468.86,104.99,8.48,71713.121,77309.08799999999
2018-01-01,2018-12-31,BLZ,60880.49,96.17,7.77,65684.84300000001,70810.70400000001
2019-01-01,2019-12-31,BLZ,93549.5,147.77,11.94,100931.903,108808.044
2020-01-01,2020-12-31,BLZ,70657.78,111.61,9.01,76231.42899999999,82180.242
2021-01-01,2021-12-31,BLZ,38369.75435,60.60836045,4.895290652,41397.141954551,44627.567566536
2015-01-01,2015-12-31,BMU,,,,,
2016-01-01,2016-12-31,BMU,,,,,
2017-01-01,2017-12-31,BMU,,,,,
2018-01-01,2018-12-31,BMU,,,,,
2019-01-01,2019-12-31,BMU,,,,,
2020-01-01,2020-12-31,BMU,,,,,
2021-01-01,2021-12-31,BMU,,,,,
2015-01-01,2015-12-31,BOL,1251104.84,1976.23,159.62,1349817.917,1455150.976
2016-01-01,2016-12-31,BOL,2504979.0,3956.83,319.59,2702622.627,2913521.666
2017-01-01,2017-12-31,BOL,1792089.07,2830.76,228.64,1933485.994,2084365.502
2018-01-01,2018-12-31,BOL,1187977.44,1876.51,151.56,1281707.9489999998,1381725.9319999998
2019-01-01,2019-12-31,BOL,2075738.11,3278.81,264.83,2239515.499,2414276.072
2020-01-01,2020-12-31,BOL,1988545.39,3141.08,253.7,2145441.622,2312861.186
2021-01-01,2021-12-31,BOL,1628221.642,2571.917538,207.7318012,1756688.9230378,1893772.1278132
2015-01-01,2015-12-31,BRA,91892190.9,145151.7,11723.79,99142518.0,106879103.61
2016-01-01,2016-12-31,BRA,53746381.65,84897.08,6857.07,57986990.292,62512004.656
2017-01-01,2017-12-31,BRA,59589449.96,94126.71,7602.54,64291078.589,69308032.23200001
2018-01-01,2018-12-31,BRA,39078413.95,61727.75,4985.7,42161714.275000006,45451803.35
2019-01-01,2019-12-31,BRA,64612556.27,102061.15,8243.4,69710510.555,75150369.85000001
2020-01-01,2020-12-31,BRA,67669524.95,106889.89,8633.41,73008673.811,78705904.94800001
2021-01-01,2021-12-31,BRA,67357370.02,106396.8178,8593.589128,72671891.068564,78342841.457304
2015-01-01,2015-12-31,BRB,,,,,
2016-01-01,2016-12-31,BRB,,,,,
2017-01-01,2017-12-31,BRB,,,,,
2018-01-01,2018-12-31,BRB,,,,,
2019-01-01,2019-12-31,BRB,,,,,
2020-01-01,2020-12-31,BRB,,,,,
2021-01-01,2021-12-31,BRB,1334.10918,2.107341354,0.1702083401,1439.3708806239,1551.6921747921
2015-01-01,2015-12-31,BRN,,,,,
2016-01-01,2016-12-31,BRN,,,,,
2017-01-01,2017-12-31,BRN,,,,,
2018-01-01,2018-12-31,BRN,,,,,
2019-01-01,2019-12-31,BRN,,,,,
2020-01-01,2020-12-31,BRN,,,,,
2021-01-01,2021-12-31,BRN,,,,,
2015-01-01,2015-12-31,BTN,,,,,
2016-01-01,2016-12-31,BTN,,,,,
2017-01-01,2017-12-31,BTN,,,,,
2018-01-01,2018-12-31,BTN,,,,,
2019-01-01,2019-12-31,BTN,,,,,
2020-01-01,2020-12-31,BTN,,,,,
2021-01-01,2021-12-31,BTN,2587.827662,4.087698615,0.3301602728,2792.0082078329,3009.8825440124
2015-01-01,2015-12-31,BVT,,,,,
2016-01-01,2016-12-31,BVT,,,,,
2017-01-01,2017-12-31,BVT,,,,,
2018-01-01,2018-12-31,BVT,,,,,
2019-01-01,2019-12-31,BVT,,,,,
2020-01-01,2020-12-31,BVT,,,,,
2021-01-01,2021-12-31,BVT,,,,,
2015-01-01,2015-12-31,BWA,7720987.23,12195.97,985.06,8330176.173,8980221.374000002
2016-01-01,2016-12-31,BWA,5155136.88,8142.99,657.7,5561878.401,5995899.767999999
2017-01-01,2017-12-31,BWA,21169562.73,33439.16,2700.86,22839850.074,24622157.302
2018-01-01,2018-12-31,BWA,12646737.17,19976.62,1613.5,13644570.368,14709324.214
2019-01-01,2019-12-31,BWA,4434602.57,7004.84,565.78,4784495.546000001,5157853.518000001
2020-01-01,2020-12-31,BWA,15420568.48,24358.13,1967.39,16637257.777,17935546.106
2021-01-01,2021-12-31,BWA,43031638.1,67972.21084,5490.063183,46426850.031395,50049768.869167
2015-01-01,2015-12-31,CAF,19732158.76,31168.66,2517.47,21289033.684,22950323.262
2016-01-01,2016-12-31,CAF,21275388.08,33606.32,2714.36,22954024.688,24745241.544
2017-01-01,2017-12-31,CAF,16823601.52,26574.34,2146.39,18150990.076,19567402.398
2018-01-01,2018-12-31,CAF,19029552.13,30058.83,2427.83,20530991.077,22133126.716
2019-01-01,2019-12-31,CAF,14511124.91,22921.58,1851.36,15656058.272,16877778.486
2020-01-01,2020-12-31,CAF,18027831.33,28476.53,2300.03,19450234.707,20968033.756
2021-01-01,2021-12-31,CAF,15660568.59,24737.22863,1998.006928,16896193.160121,18214687.4461
2015-01-01,2015-12-31,CAN,8394857.01,13260.41,1071.03,9057213.639,9763993.492
2016-01-01,2016-12-31,CAN,1400929.71,2212.89,178.73,1511462.631,1629409.668
2017-01-01,2017-12-31,CAN,7742190.47,12229.46,987.76,8353050.884,9004881.102
2018-01-01,2018-12-31,CAN,1194979.77,1887.57,152.46,1289264.553,1389872.034
2019-01-01,2019-12-31,CAN,2688441.06,4246.63,343.0,2900561.037,3126906.416
2020-01-01,2020-12-31,CAN,217621.92,343.75,27.76,234791.025,253112.9
2021-01-01,2021-12-31,CAN,6433236.054,10161.85525,820.7652316,6940820.723701799,7482447.6085268
2015-01-01,2015-12-31,CCK,,,,,
2016-01-01,2016-12-31,CCK,,,,,
2017-01-01,2017-12-31,CCK,,,,,
2018-01-01,2018-12-31,CCK,,,,,
2019-01-01,2019-12-31,CCK,,,,,
2020-01-01,2020-12-31,CCK,,,,,
2021-01-01,2021-12-31,CCK,,,,,
2015-01-01,2015-12-31,CHE,,,,,
2016-01-01,2016-12-31,CHE,,,,,
2017-01-01,2017-12-31,CHE,,,,,
2018-01-01,2018-12-31,CHE,,,,,
2019-01-01,2019-12-31,CHE,,,,,
2020-01-01,2020-12-31,CHE,,,,,
2021-01-01,2021-12-31,CHE,,,,,
2015-01-01,2015-12-31,CHL,1503806.69,2375.39,191.86,1622457.851,1749066.138
2016-01-01,2016-12-31,CHL,1829813.55,2890.35,233.45,1974186.165,2128241.82
2017-01-01,2017-12-31,CHL,12645324.29,19974.39,1613.32,13643046.131,14707681.118
2018-01-01,2018-12-31,CHL,685907.69,1083.45,87.51,740026.1749999999,797774.0599999999
2019-01-01,2019-12-31,CHL,1165604.63,1841.17,148.71,1257571.103,1355705.464
2020-01-01,2020-12-31,CHL,848194.46,1339.8,108.21,915116.21,986527.55
2021-01-01,2021-12-31,CHL,573849.5069,906.4451506,73.21287755,619126.4421728901,667439.96869987
2015-01-01,2015-12-31,CHN,565487.26,893.24,72.15,610105.6059999999,657715.298
2016-01-01,2016-12-31,CHN,516224.97,815.42,65.86,556954.968,600416.854
2017-01-01,2017-12-31,CHN,531337.35,839.29,67.79,573260.211,617994.368
2018-01-01,2018-12-31,CHN,511447.77,807.88,65.25,551800.872,594860.876
2019-01-01,2019-12-31,CHN,643289.33,1016.13,82.07,694044.467,748204.196
2020-01-01,2020-12-31,CHN,633101.75,1000.04,80.77,683053.076,736355.208
2021-01-01,2021-12-31,CHN,418592.4838,661.2031944,53.40487339,451619.58335923,486861.71362075
2015-01-01,2015-12-31,CIV,3242415.51,5121.68,413.67,3498242.292,3771227.836
2016-01-01,2016-12-31,CIV,3003862.7,4744.86,383.24,3240868.814,3493769.8520000004
2017-01-01,2017-12-31,CIV,3495583.3,5521.58,445.97,3771385.192,4065685.406
2018-01-01,2018-12-31,CIV,2878277.64,4546.49,367.22,3105375.771,3347703.688
2019-01-01,2019-12-31,CIV,2326296.56,3674.59,296.79,2509841.291,2705696.938
2020-01-01,2020-12-31,CIV,2728748.52,4310.3,348.14,2944048.1100000003,3173787.1
2021-01-01,2021-12-31,CIV,2082565.67,3289.593404,265.6979288,2246880.860534,2422216.1889672
2015-01-01,2015-12-31,CMR,6475221.51,10228.17,826.12,6986118.213,7531279.674
2016-01-01,2016-12-31,CMR,8826361.75,13942.01,1126.09,9522766.399,10265875.532
2017-01-01,2017-12-31,CMR,7495597.25,11839.95,956.3,8087001.755000001,8718071.09
2018-01-01,2018-12-31,CMR,7207699.88,11385.19,919.57,7776389.291,8383219.918
2019-01-01,2019-12-31,CMR,6112092.15,9654.58,779.79,6594337.602,7108926.716
2020-01-01,2020-12-31,CMR,8264334.78,13054.23,1054.38,8916393.537,9612183.996
2021-01-01,2021-12-31,CMR,5688772.481,8985.910358,725.7850674,6137618.7033884,6616567.7254698
2015-01-01,2015-12-31,COD,51587394.8,81486.77,6581.62,55657657.943,60000902.784
2016-01-01,2016-12-31,COD,50913789.31,80422.75,6495.68,54930904.675,59217437.25
2017-01-01,2017-12-31,COD,49423250.59,78068.32,6305.52,53322763.678,57483805.134
2018-01-01,2018-12-31,COD,49427402.94,78074.88,6306.05,53327243.742,57488634.84599999
2019-01-01,2019-12-31,COD,48989371.23,77382.97,6250.16,52854649.773,56979162.07399999
2020-01-01,2020-12-31,COD,47075178.91,74359.33,6005.95,50789428.567,54752780.856
2021-01-01,2021-12-31,COD,41406859.81,65405.73239,5282.770693,44673876.14287,48160001.679257005
2015-01-01,2015-12-31,COG,237488.1,375.13,30.3,256226.127,276220.55600000004
2016-01-01,2016-12-31,COG,215872.69,340.99,27.54,232904.731,251079.498
2017-01-01,2017-12-31,COG,205548.8,324.68,26.22,221765.432,239070.876
2018-01-01,2018-12-31,COG,221617.26,350.06,28.27,239101.644,257759.842
2019-01-01,2019-12-31,COG,209086.8,330.27,26.68,225584.973,243188.364
2020-01-01,2020-12-31,COG,246103.89,388.74,31.4,265521.936,286241.77800000005
2021-01-01,2021-12-31,COG,173509.2068,274.0728661,22.13665457,187199.14646180003,201807.23022493
2015-01-01,2015-12-31,COK,,,,,
2016-01-01,2016-12-31,COK,,,,,
2017-01-01,2017-12-31,COK,,,,,
2018-01-01,2018-12-31,COK,,,,,
2019-01-01,2019-12-31,COK,,,,,
2020-01-01,2020-12-31,COK,,,,,
2021-01-01,2021-12-31,COK,,,,,
2015-01-01,2015-12-31,COL,400820.49,633.13,51.14,432446.037,466191.866
2016-01-01,2016-12-31,COL,368435.68,581.98,47.01,397506.652,428526.186
2017-01-01,2017-12-31,COL,213227.59,336.81,27.2,230050.189,248002.162
2018-01-01,2018-12-31,COL,315512.25,498.38,40.25,340405.302,366968.956
2019-01-01,2019-12-31,COL,268313.23,423.82,34.23,289482.59799999994,312072.204
2020-01-01,2020-12-31,COL,264092.32,417.16,33.69,284928.454,307163.082
2021-01-01,2021-12-31,COL,169108.421,267.1214427,21.57519345,182451.13706318,196688.70995909
2015-01-01,2015-12-31,COM,,,,,
2016-01-01,2016-12-31,COM,,,,,
2017-01-01,2017-12-31,COM,,,,,
2018-01-01,2018-12-31,COM,,,,,
2019-01-01,2019-12-31,COM,,,,,
2020-01-01,2020-12-31,COM,,,,,
2021-01-01,2021-12-31,COM,495.2497198,0.7822899583,0.06318495817,534.32510321698,576.02115799437
2015-01-01,2015-12-31,CPV,,,,,
2016-01-01,2016-12-31,CPV,,,,,
2017-01-01,2017-12-31,CPV,,,,,
2018-01-01,2018-12-31,CPV,,,,,
2019-01-01,2019-12-31,CPV,,,,,
2020-01-01,2020-12-31,CPV,,,,,
2021-01-01,2021-12-31,CPV,318.6052757,0.5032647126,0.04064830371,343.74334809437,370.56735727595
2015-01-01,2015-12-31,CRI,,,,,
2016-01-01,2016-12-31,CRI,,,,,
2017-01-01,2017-12-31,CRI,,,,,
2018-01-01,2018-12-31,CRI,,,,,
2019-01-01,2019-12-31,CRI,,,,,
2020-01-01,2020-12-31,CRI,,,,,
2021-01-01,2021-12-31,CRI,7786.067663,12.29877031,0.993362217,8400.39123989,9055.915697412998
2015-01-01,2015-12-31,CUB,813554.94,1285.08,103.79,877743.342,946238.106
2016-01-01,2016-12-31,CUB,410150.39,647.87,52.33,442512.053,477043.524
2017-01-01,2017-12-31,CUB,707365.28,1117.34,90.25,763177.316,822731.5380000001
2018-01-01,2018-12-31,CUB,336057.59,530.83,42.87,362571.257,390864.496
2019-01-01,2019-12-31,CUB,468996.11,740.82,59.84,506001.308,545487.014
2020-01-01,2020-12-31,CUB,1155780.3,1825.66,147.46,1246972.7940000002,1344280.472
2021-01-01,2021-12-31,CUB,656396.5041,1036.835304,83.74438996,708186.42754068,763449.74924388
2015-01-01,2015-12-31,CUW,,,,,
2016-01-01,2016-12-31,CUW,,,,,
2017-01-01,2017-12-31,CUW,4636.58,7.32,0.59,5001.878,5392.034
2018-01-01,2018-12-31,CUW,,,,,
2019-01-01,2019-12-31,CUW,,,,,
2020-01-01,2020-12-31,CUW,,,,,
2021-01-01,2021-12-31,CUW,859.2932163,1.357328288,0.1096303617,927.0917642793,999.4373620297
2015-01-01,2015-12-31,CXR,,,,,
2016-01-01,2016-12-31,CXR,,,,,
2017-01-01,2017-12-31,CXR,,,,,
2018-01-01,2018-12-31,CXR,,,,,
2019-01-01,2019-12-31,CXR,,,,,
2020-01-01,2020-12-31,CXR,,,,,
2021-01-01,2021-12-31,CXR,,,,,
2015-01-01,2015-12-31,CYM,,,,,
2016-01-01,2016-12-31,CYM,,,,,
2017-01-01,2017-12-31,CYM,,,,,
2018-01-01,2018-12-31,CYM,,,,,
2019-01-01,2019-12-31,CYM,,,,,
2020-01-01,2020-12-31,CYM,,,,,
2021-01-01,2021-12-31,CYM,71.7870115,0.1133938213,0.009158731722,77.45103287437601,83.49492354966601
2015-01-01,2015-12-31,CYP,23451.77,37.04,2.99,25301.456,27275.688
2016-01-01,2016-12-31,CYP,8192.59,12.94,1.05,8840.266,9529.968
2017-01-01,2017-12-31,CYP,945.6,1.49,0.12,1019.931,1099.348
2018-01-01,2018-12-31,CYP,16438.69,25.97,2.1,17736.552999999996,19120.754
2019-01-01,2019-12-31,CYP,6503.58,10.27,0.83,7016.703,7564.094
2020-01-01,2020-12-31,CYP,,,,,
2021-01-01,2021-12-31,CYP,17799.41474,28.11572194,2.270885234,19203.795051008,20702.36303041
2015-01-01,2015-12-31,CZE,,,,,
2016-01-01,2016-12-31,CZE,,,,,
2017-01-01,2017-12-31,CZE,,,,,
2018-01-01,2018-12-31,CZE,,,,,
2019-01-01,2019-12-31,CZE,,,,,
2020-01-01,2020-12-31,CZE,,,,,
2021-01-01,2021-12-31,CZE,,,,,
2015-01-01,2015-12-31,DEU,,,,,
2016-01-01,2016-12-31,DEU,,,,,
2017-01-01,2017-12-31,DEU,,,,,
2018-01-01,2018-12-31,DEU,,,,,
2019-01-01,2019-12-31,DEU,,,,,
2020-01-01,2020-12-31,DEU,,,,,
2021-01-01,2021-12-31,DEU,,,,,
2015-01-01,2015-12-31,DJI,,,,,
2016-01-01,2016-12-31,DJI,,,,,
2017-01-01,2017-12-31,DJI,,,,,
2018-01-01,2018-12-31,DJI,,,,,
2019-01-01,2019-12-31,DJI,,,,,
2020-01-01,2020-12-31,DJI,,,,,
2021-01-01,2021-12-31,DJI,341.4588187,0.5393638692,0.04356400482,368.40004396654,397.1481381949
2015-01-01,2015-12-31,DMA,,,,,
2016-01-01,2016-12-31,DMA,,,,,
2017-01-01,2017-12-31,DMA,,,,,
2018-01-01,2018-12-31,DMA,,,,,
2019-01-01,2019-12-31,DMA,,,,,
2020-01-01,2020-12-31,DMA,,,,,
2021-01-01,2021-12-31,DMA,,,,,
2015-01-01,2015-12-31,DNK,,,,,
2016-01-01,2016-12-31,DNK,,,,,
2017-01-01,2017-12-31,DNK,,,,,
2018-01-01,2018-12-31,DNK,,,,,
2019-01-01,2019-12-31,DNK,,,,,
2020-01-01,2020-12-31,DNK,,,,,
2021-01-01,2021-12-31,DNK,,,,,
2015-01-01,2015-12-31,DOM,174577.14,275.76,22.27,188350.554,203048.562
2016-01-01,2016-12-31,DOM,82131.6,129.73,10.48,88612.107,95526.716
2017-01-01,2017-12-31,DOM,78401.63,123.84,10.0,84586.766,91187.438
2018-01-01,2018-12-31,DOM,112964.26,178.44,14.41,121876.66599999998,131387.51799999998
2019-01-01,2019-12-31,DOM,108845.24,171.93,13.89,117434.057,126597.926
2020-01-01,2020-12-31,DOM,125671.9,198.51,16.03,135586.519,146167.10199999998
2021-01-01,2021-12-31,DOM,94884.41523,149.8781772,12.10554508,102370.83018072,110359.33702548
2015-01-01,2015-12-31,DZA,1104900.24,1745.29,140.97,1192078.641,1285102.598
2016-01-01,2016-12-31,DZA,986678.33,1558.54,125.88,1064526.836,1147597.018
2017-01-01,2017-12-31,DZA,1980430.5,3128.26,252.67,2136687.864,2303424.122
2018-01-01,2018-12-31,DZA,175546.67,277.29,22.4,189398.26100000003,204177.81800000003
2019-01-01,2019-12-31,DZA,867947.99,1371.0,110.73,936428.18,1009502.48
2020-01-01,2020-12-31,DZA,1713341.14,2706.37,218.59,1848523.933,1992773.454
2021-01-01,2021-12-31,DZA,798184.9933,1260.802541,101.8340514,861162.0802260999,928362.8556614
2015-01-01,2015-12-31,ECU,383932.26,606.45,48.98,414223.755,446547.54
2016-01-01,2016-12-31,ECU,124987.64,197.43,15.95,134850.287,145373.306
2017-01-01,2017-12-31,ECU,144165.26,227.72,18.39,155539.11800000002,167676.594
2018-01-01,2018-12-31,ECU,119770.04,189.19,15.28,129219.881,139303.70799999998
2019-01-01,2019-12-31,ECU,109744.06,173.35,14.0,118402.525,127642.08
2020-01-01,2020-12-31,ECU,118682.21,187.47,15.14,128045.843,138037.994
2021-01-01,2021-12-31,ECU,63208.86692,99.84389672,8.064314735,68196.069561143,73517.749256319
2015-01-01,2015-12-31,EGY,,,,,
2016-01-01,2016-12-31,EGY,,,,,
2017-01-01,2017-12-31,EGY,,,,,
2018-01-01,2018-12-31,EGY,,,,,
2019-01-01,2019-12-31,EGY,,,,,
2020-01-01,2020-12-31,EGY,,,,,
2021-01-01,2021-12-31,EGY,13459.39249,21.26027976,1.717176442,14521.34346397,15654.516375178
2015-01-01,2015-12-31,ERI,96886.65,153.04,12.36,104530.746,112687.778
2016-01-01,2016-12-31,ERI,51641.21,81.57,6.59,55716.083,60063.764
2017-01-01,2017-12-31,ERI,37327.36,58.96,4.76,40271.824,43414.39200000001
2018-01-01,2018-12-31,ERI,58477.11,92.37,7.46,63090.813,68014.134
2019-01-01,2019-12-31,ERI,182724.29,288.63,23.31,197140.697,212524.676
2020-01-01,2020-12-31,ERI,299999.8,473.88,38.27,323668.762,348926.566
2021-01-01,2021-12-31,ERI,101193.0686,159.8432432,12.91041579,109177.23859595,117696.88345851
2015-01-01,2015-12-31,ESH,,,,,
2016-01-01,2016-12-31,ESH,,,,,
2017-01-01,2017-12-31,ESH,,,,,
2018-01-01,2018-12-31,ESH,,,,,
2019-01-01,2019-12-31,ESH,,,,,
2020-01-01,2020-12-31,ESH,,,,,
2021-01-01,2021-12-31,ESH,,,,,
2015-01-01,2015-12-31,ESP,556242.33,878.63,70.97,600130.917,646961.8960000001
2016-01-01,2016-12-31,ESP,392002.25,619.2,50.01,422930.66,455934.02
2017-01-01,2017-12-31,ESP,501218.26,791.72,63.95,540765.598,582964.274
2018-01-01,2018-12-31,ESP,171871.01,271.49,21.93,185432.471,199902.88800000004
2019-01-01,2019-12-31,ESP,528702.2,835.13,67.45,570416.1769999999,614928.6059999999
2020-01-01,2020-12-31,ESP,407246.64,643.28,51.96,439379.232,473666.056
2021-01-01,2021-12-31,ESP,2043841.82,3228.425719,260.7574619,2205101.6846588003,2377176.7754815
2015-01-01,2015-12-31,EST,,,,,
2016-01-01,2016-12-31,EST,,,,,
2017-01-01,2017-12-31,EST,,,,,
2018-01-01,2018-12-31,EST,,,,,
2019-01-01,2019-12-31,EST,,,,,
2020-01-01,2020-12-31,EST,,,,,
2021-01-01,2021-12-31,EST,,,,,
2015-01-01,2015-12-31,ETH,11852359.31,18721.83,1512.15,12787515.317,13785388.856
2016-01-01,2016-12-31,ETH,11167969.64,17640.78,1424.83,12049125.992,12989379.566
2017-01-01,2017-12-31,ETH,8751633.35,13823.97,1116.55,9442140.263,10178957.864
2018-01-01,2018-12-31,ETH,9819016.68,15509.99,1252.73,10593740.691,11420423.158
2019-01-01,2019-12-31,ETH,8177693.77,12917.38,1043.33,8822917.762,9511414.116
2020-01-01,2020-12-31,ETH,10099229.88,15952.61,1288.48,10896062.739,11746336.852
2021-01-01,2021-12-31,ETH,9839416.826,15542.2137,1255.332645,10615750.400315,11444150.390525
2015-01-01,2015-12-31,FIN,,,,,
2016-01-01,2016-12-31,FIN,,,,,
2017-01-01,2017-12-31,FIN,,,,,
2018-01-01,2018-12-31,FIN,1016.31,1.61,0.13,1096.719,1182.532
2019-01-01,2019-12-31,FIN,,,,,
2020-01-01,2020-12-31,FIN,,,,,
2021-01-01,2021-12-31,FIN,149.4890576,0.2361309538,0.0190721155,161.28379874252,173.86957858006
2015-01-01,2015-12-31,FJI,,,,,
2016-01-01,2016-12-31,FJI,,,,,
2017-01-01,2017-12-31,FJI,,,,,
2018-01-01,2018-12-31,FJI,,,,,
2019-01-01,2019-12-31,FJI,,,,,
2020-01-01,2020-12-31,FJI,,,,,
2021-01-01,2021-12-31,FJI,10083.25203,15.92737259,1.286441632,10878.824290797,11727.753249844
2015-01-01,2015-12-31,FLK,,,,,
2016-01-01,2016-12-31,FLK,,,,,
2017-01-01,2017-12-31,FLK,,,,,
2018-01-01,2018-12-31,FLK,,,,,
2019-01-01,2019-12-31,FLK,,,,,
2020-01-01,2020-12-31,FLK,,,,,
2021-01-01,2021-12-31,FLK,,,,,
2015-01-01,2015-12-31,FRA,62432.65,98.62,7.97,67359.958,72616.404
2016-01-01,2016-12-31,FRA,192652.68,304.31,24.58,207853.269,224072.992
2017-01-01,2017-12-31,FRA,334110.73,527.76,42.63,360473.224,388602.832
2018-01-01,2018-12-31,FRA,22834.19,36.07,2.91,24634.973,26557.504
2019-01-01,2019-12-31,FRA,98190.92,155.1,12.53,105938.9,114205.73
2020-01-01,2020-12-31,FRA,37353.44,59.0,4.77,40301.75,43446.45
2021-01-01,2021-12-31,FRA,74028.00304,116.9336621,9.444641943,79868.839463029,86101.403652959
2015-01-01,2015-12-31,FRO,,,,,
2016-01-01,2016-12-31,FRO,,,,,
2017-01-01,2017-12-31,FRO,,,,,
2018-01-01,2018-12-31,FRO,,,,,
2019-01-01,2019-12-31,FRO,,,,,
2020-01-01,2020-12-31,FRO,,,,,
2021-01-01,2021-12-31,FRO,,,,,
2015-01-01,2015-12-31,FSM,,,,,
2016-01-01,2016-12-31,FSM,,,,,
2017-01-01,2017-12-31,FSM,,,,,
2018-01-01,2018-12-31,FSM,,,,,
2019-01-01,2019-12-31,FSM,,,,,
2020-01-01,2020-12-31,FSM,,,,,
2021-01-01,2021-12-31,FSM,,,,,
2015-01-01,2015-12-31,GAB,26968.79,42.6,3.44,29096.45,31367.03
2016-01-01,2016-12-31,GAB,30611.65,48.35,3.91,33028.045,35605.1
2017-01-01,2017-12-31,GAB,33355.96,52.69,4.26,35988.991,38797.368
2018-01-01,2018-12-31,GAB,30289.82,47.85,3.86,32678.615,35229.02
2019-01-01,2019-12-31,GAB,26929.27,42.54,3.44,29055.256,31322.638
2020-01-01,2020-12-31,GAB,20796.46,32.85,2.65,22436.425,24187.33
2021-01-01,2021-12-31,GAB,15397.37294,24.32148824,1.964427896,16612.231277504,17908.566600696002
2015-01-01,2015-12-31,GBR,7955.18,12.57,1.01,8581.613,9251.594
2016-01-01,2016-12-31,GBR,,,,,
2017-01-01,2017-12-31,GBR,6901.77,10.9,0.88,7446.12,8027.09
2018-01-01,2018-12-31,GBR,11063.54,17.48,1.41,11936.162,12867.846
2019-01-01,2019-12-31,GBR,16230.59,25.64,2.07,17511.056,18877.668
2020-01-01,2020-12-31,GBR,,,,,
2021-01-01,2021-12-31,GBR,4167.41078,6.58278738,0.531686673,4496.221009631,4847.083576985
2015-01-01,2015-12-31,GEO,,,,,
2016-01-01,2016-12-31,GEO,,,,,
2017-01-01,2017-12-31,GEO,,,,,
2018-01-01,2018-12-31,GEO,,,,,
2019-01-01,2019-12-31,GEO,,,,,
2020-01-01,2020-12-31,GEO,,,,,
2021-01-01,2021-12-31,GEO,2154.954671,3.403938119,0.2749334635,2324.9813800556,2506.4112817983
2015-01-01,2015-12-31,GGY,,,,,
2016-01-01,2016-12-31,GGY,,,,,
2017-01-01,2017-12-31,GGY,,,,,
2018-01-01,2018-12-31,GGY,,,,,
2019-01-01,2019-12-31,GGY,,,,,
2020-01-01,2020-12-31,GGY,,,,,
2021-01-01,2021-12-31,GGY,,,,,
2015-01-01,2015-12-31,GHA,19784171.28,31250.82,2524.1,21345148.458,23010817.164
2016-01-01,2016-12-31,GHA,19199816.67,30327.78,2449.55,20714688.882,22331159.556
2017-01-01,2017-12-31,GHA,26441946.89,41767.35,3373.52,28528226.915000003,30754426.67
2018-01-01,2018-12-31,GHA,18982258.74,29984.13,2421.79,20479964.637,22078118.766
2019-01-01,2019-12-31,GHA,18923279.12,29890.96,2414.27,20416332.614,22009520.782
2020-01-01,2020-12-31,GHA,23029571.73,36377.21,2938.16,24846613.569,26785518.862
2021-01-01,2021-12-31,GHA,14135181.44,22327.74711,1803.394959,15250452.408176,16440521.329139
2015-01-01,2015-12-31,GIB,,,,,
2016-01-01,2016-12-31,GIB,,,,,
2017-01-01,2017-12-31,GIB,,,,,
2018-01-01,2018-12-31,GIB,,,,,
2019-01-01,2019-12-31,GIB,,,,,
2020-01-01,2020-12-31,GIB,,,,,
2021-01-01,2021-12-31,GIB,,,,,
2015-01-01,2015-12-31,GIN,11123244.45,17570.13,1419.13,12000873.567,12937361.496
2016-01-01,2016-12-31,GIN,12719011.1,20090.78,1622.72,13722546.422,14793384.996
2017-01-01,2017-12-31,GIN,14292177.75,22575.74,1823.42,15419834.556,16623121.498
2018-01-01,2018-12-31,GIN,12725412.51,20100.89,1623.53,13729451.031,14800828.467999998
2019-01-01,2019-12-31,GIN,13126342.7,20734.2,1674.69,14162017.249999998,15267150.109999998
2020-01-01,2020-12-31,GIN,9769824.56,15432.29,1246.45,10540666.301,11363207.358
2021-01-01,2021-12-31,GIN,9012757.125,14236.43288,1149.865733,9723866.947461002,10482668.819965
2015-01-01,2015-12-31,GLP,,,,,
2016-01-01,2016-12-31,GLP,,,,,
2017-01-01,2017-12-31,GLP,,,,,
2018-01-01,2018-12-31,GLP,,,,,
2019-01-01,2019-12-31,GLP,,,,,
2020-01-01,2020-12-31,GLP,,,,,
2021-01-01,2021-12-31,GLP,105.9328934,0.1673302082,0.0135151322,114.29103729938,123.20973739644
2015-01-01,2015-12-31,GMB,168628.23,266.36,21.51,181931.904,196128.892
2016-01-01,2016-12-31,GMB,304715.97,481.33,38.88,328759.317,354414.20599999995
2017-01-01,2017-12-31,GMB,282075.9,445.56,35.99,304332.29400000005,328080.64200000005
2018-01-01,2018-12-31,GMB,222565.28,351.56,28.4,240127.004,258865.152
2019-01-01,2019-12-31,GMB,221551.93,349.96,28.27,239033.524,257686.392
2020-01-01,2020-12-31,GMB,361416.42,570.89,46.11,389932.281,420360.718
2021-01-01,2021-12-31,GMB,256760.0932,405.5748738,32.75797058,277018.55814736,298635.6989209
2015-01-01,2015-12-31,GNB,,,,,
2016-01-01,2016-12-31,GNB,,,,,
2017-01-01,2017-12-31,GNB,,,,,
2018-01-01,2018-12-31,GNB,,,,,
2019-01-01,2019-12-31,GNB,,,,,
2020-01-01,2020-12-31,GNB,,,,,
2021-01-01,2021-12-31,GNB,81470.72982,128.6900957,10.39420004,87898.80010094999,94757.98220176
2015-01-01,2015-12-31,GNQ,,,,,
2016-01-01,2016-12-31,GNQ,,,,,
2017-01-01,2017-12-31,GNQ,,,,,
2018-01-01,2018-12-31,GNQ,,,,,
2019-01-01,2019-12-31,GNQ,,,,,
2020-01-01,2020-12-31,GNQ,,,,,
2021-01-01,2021-12-31,GNQ,631.2955168,0.9971861141,0.08054195537,681.1049631993999,734.25498308093
2015-01-01,2015-12-31,GRC,68509.28,108.22,8.74,73914.638,79682.76400000001
2016-01-01,2016-12-31,GRC,235891.31,372.61,30.1,254504.429,274364.542
2017-01-01,2017-12-31,GRC,130920.96,206.8,16.7,141249.78,152272.22
2018-01-01,2018-12-31,GRC,59413.57,93.85,7.58,64101.325,69103.53
2019-01-01,2019-12-31,GRC,119512.74,188.78,15.25,128942.952,139004.926
2020-01-01,2020-12-31,GRC,145278.36,229.48,18.53,156739.542,168970.826
2021-01-01,2021-12-31,GRC,284999.8129,450.1819646,36.36085098,307486.40202988003,331481.10074306
2015-01-01,2015-12-31,GRD,,,,,
2016-01-01,2016-12-31,GRD,,,,,
2017-01-01,2017-12-31,GRD,,,,,
2018-01-01,2018-12-31,GRD,,,,,
2019-01-01,2019-12-31,GRD,,,,,
2020-01-01,2020-12-31,GRD,,,,,
2021-01-01,2021-12-31,GRD,,,,,
2015-01-01,2015-12-31,GRL,,,,,
2016-01-01,2016-12-31,GRL,,,,,
2017-01-01,2017-12-31,GRL,,,,,
2018-01-01,2018-12-31,GRL,,,,,
2019-01-01,2019-12-31,GRL,,,,,
2020-01-01,2020-12-31,GRL,,,,,
2021-01-01,2021-12-31,GRL,,,,,
2015-01-01,2015-12-31,GTM,248774.8,392.96,31.74,268403.404,289348.172
2016-01-01,2016-12-31,GTM,205341.24,324.35,26.2,221543.205,238831.06
2017-01-01,2017-12-31,GTM,143464.06,226.61,18.3,154782.379,166860.69199999998
2018-01-01,2018-12-31,GTM,120039.18,189.61,15.31,129508.929,139615.142
2019-01-01,2019-12-31,GTM,156348.89,246.97,19.95,168685.703,181849.20400000003
2020-01-01,2020-12-31,GTM,117631.76,185.81,15.01,126913.589,136817.26200000002
2021-01-01,2021-12-31,GTM,72557.04146,114.6101505,9.256973698,78281.81847850399,84390.539500154
2015-01-01,2015-12-31,GUF,,,,,
2016-01-01,2016-12-31,GUF,,,,,
2017-01-01,2017-12-31,GUF,,,,,
2018-01-01,2018-12-31,GUF,,,,,
2019-01-01,2019-12-31,GUF,,,,,
2020-01-01,2020-12-31,GUF,,,,,
2021-01-01,2021-12-31,GUF,592.3100612,0.9356051999,0.0755681123,639.04354093511,688.91129808978
2015-01-01,2015-12-31,GUM,,,,,
2016-01-01,2016-12-31,GUM,,,,,
2017-01-01,2017-12-31,GUM,,,,,
2018-01-01,2018-12-31,GUM,,,,,
2019-01-01,2019-12-31,GUM,,,,,
2020-01-01,2020-12-31,GUM,,,,,
2021-01-01,2021-12-31,GUM,,,,,
2015-01-01,2015-12-31,GUY,,,,,
2016-01-01,2016-12-31,GUY,,,,,
2017-01-01,2017-12-31,GUY,,,,,
2018-01-01,2018-12-31,GUY,,,,,
2019-01-01,2019-12-31,GUY,,,,,
2020-01-01,2020-12-31,GUY,,,,,
2021-01-01,2021-12-31,GUY,3863.593091,6.102880945,0.4929249994,4168.4319942017,4493.7155485702
2015-01-01,2015-12-31,HKG,,,,,
2016-01-01,2016-12-31,HKG,,,,,
2017-01-01,2017-12-31,HKG,,,,,
2018-01-01,2018-12-31,HKG,,,,,
2019-01-01,2019-12-31,HKG,,,,,
2020-01-01,2020-12-31,HKG,,,,,
2021-01-01,2021-12-31,HKG,81.1972939,0.1282581799,0.01035931453,87.60378998590001,94.43995097457
2015-01-01,2015-12-31,HMD,,,,,
2016-01-01,2016-12-31,HMD,,,,,
2017-01-01,2017-12-31,HMD,,,,,
2018-01-01,2018-12-31,HMD,,,,,
2019-01-01,2019-12-31,HMD,,,,,
2020-01-01,2020-12-31,HMD,,,,,
2021-01-01,2021-12-31,HMD,,,,,
2015-01-01,2015-12-31,HND,177136.2,279.8,22.6,191112.42,206025.76
2016-01-01,2016-12-31,HND,194312.65,306.93,24.79,209643.667,226003.036
2017-01-01,2017-12-31,HND,139975.53,221.1,17.86,151020.0,162804.63
2018-01-01,2018-12-31,HND,247654.7,391.19,31.6,267195.701,288046.128
2019-01-01,2019-12-31,HND,249069.2,393.43,31.78,268721.837,289691.656
2020-01-01,2020-12-31,HND,328385.25,518.71,41.9,354295.95900000003,381943.202
2021-01-01,2021-12-31,HND,139755.8681,220.7565353,17.83033554,150782.65703729,162548.98036877997
2015-01-01,2015-12-31,HRV,21438.24,33.86,2.74,23130.954,24935.692000000003
2016-01-01,2016-12-31,HRV,24645.8,38.93,3.14,26589.167,28664.136
2017-01-01,2017-12-31,HRV,255246.92,403.18,32.56,275384.522,296874.016
2018-01-01,2018-12-31,HRV,7283.56,11.51,0.93,7858.579000000001,8472.062
2019-01-01,2019-12-31,HRV,14721.98,23.25,1.88,15883.895,17123.120000000003
2020-01-01,2020-12-31,HRV,18931.61,29.9,2.42,20426.48,22020.15
2021-01-01,2021-12-31,HRV,44071.31002,69.61446298,5.622706625,47548.552445767,51259.003322601
2015-01-01,2015-12-31,HTI,82133.48,129.74,10.48,88614.26599999999,95529.408
2016-01-01,2016-12-31,HTI,46263.91,73.08,5.9,49913.542,53808.706
2017-01-01,2017-12-31,HTI,51706.81,81.68,6.6,55787.482,60141.026
2018-01-01,2018-12-31,HTI,70547.81,111.44,9.0,76113.986,82053.738
2019-01-01,2019-12-31,HTI,62403.62,98.57,7.96,67326.803,72580.584
2020-01-01,2020-12-31,HTI,80797.76,127.63,10.31,87173.26699999999,93975.946
2021-01-01,2021-12-31,HTI,67482.74832,106.5948637,8.609585145,72807.161761815,78488.667997025
2015-01-01,2015-12-31,HUN,,,,,
2016-01-01,2016-12-31,HUN,,,,,
2017-01-01,2017-12-31,HUN,,,,,
2018-01-01,2018-12-31,HUN,,,,,
2019-01-01,2019-12-31,HUN,,,,,
2020-01-01,2020-12-31,HUN,,,,,
2021-01-01,2021-12-31,HUN,,,,,
2015-01-01,2015-12-31,IDN,2742136.94,4331.44,349.85,2958493.166,3189358.918
2016-01-01,2016-12-31,IDN,201614.76,318.47,25.72,217521.633,234496.084
2017-01-01,2017-12-31,IDN,398224.06,629.03,50.81,429645.127,463172.426
2018-01-01,2018-12-31,IDN,849378.81,1341.67,108.37,916396.413,987907.424
2019-01-01,2019-12-31,IDN,1376960.11,2175.03,175.68,1485604.087,1601533.186
2020-01-01,2020-12-31,IDN,362634.91,572.81,46.27,391248.019,421778.792
2021-01-01,2021-12-31,IDN,186485.9862,294.5708166,23.79225827,201199.79849085,216900.42301563
2015-01-01,2015-12-31,IMN,,,,,
2016-01-01,2016-12-31,IMN,,,,,
2017-01-01,2017-12-31,IMN,,,,,
2018-01-01,2018-12-31,IMN,,,,,
2019-01-01,2019-12-31,IMN,,,,,
2020-01-01,2020-12-31,IMN,,,,,
2021-01-01,2021-12-31,IMN,,,,,
2015-01-01,2015-12-31,IND,1114505.99,1760.46,142.19,1202440.694,1296273.212
2016-01-01,2016-12-31,IND,1707381.21,2696.96,217.83,1842093.984,1985841.952
2017-01-01,2017-12-31,IND,1460751.15,2307.38,186.37,1576006.062,1698989.416
2018-01-01,2018-12-31,IND,2237052.39,3533.62,285.41,2413557.3180000004,2601899.2640000004
2019-01-01,2019-12-31,IND,1653499.54,2611.85,210.96,1783962.235,1923173.84
2020-01-01,2020-12-31,IND,1631795.94,2577.56,208.19,1760545.7340000002,1897929.682
2021-01-01,2021-12-31,IND,2381375.207,3761.589027,303.8206522,2569266.5789039,2769759.274043
2015-01-01,2015-12-31,IOT,,,,,
2016-01-01,2016-12-31,IOT,,,,,
2017-01-01,2017-12-31,IOT,,,,,
2018-01-01,2018-12-31,IOT,,,,,
2019-01-01,2019-12-31,IOT,,,,,
2020-01-01,2020-12-31,IOT,,,,,
2021-01-01,2021-12-31,IOT,,,,,
2015-01-01,2015-12-31,IRL,,,,,
2016-01-01,2016-12-31,IRL,,,,,
2017-01-01,2017-12-31,IRL,,,,,
2018-01-01,2018-12-31,IRL,,,,,
2019-01-01,2019-12-31,IRL,,,,,
2020-01-01,2020-12-31,IRL,,,,,
2021-01-01,2021-12-31,IRL,198.4225262,0.3134256185,0.02531514611,214.07813584418,230.78372131023
2015-01-01,2015-12-31,IRN,461763.63,729.4,58.91,498196.32,537073.3400000001
2016-01-01,2016-12-31,IRN,597040.48,943.08,76.17,644146.822,694412.986
2017-01-01,2017-12-31,IRN,696782.75,1100.63,88.9,751760.027,810423.6059999999
2018-01-01,2018-12-31,IRN,549301.58,867.67,70.08,592641.413,638888.2239999999
2019-01-01,2019-12-31,IRN,508465.79,803.17,64.87,548583.743,591392.704
2020-01-01,2020-12-31,IRN,808616.7,1277.28,103.16,872415.492,940494.516
2021-01-01,2021-12-31,IRN,624557.7546,986.5432333,79.68233808,673835.58910491,726418.3434398
2015-01-01,2015-12-31,IRQ,1792076.17,2830.74,228.64,1933472.536,2084350.978
2016-01-01,2016-12-31,IRQ,2016433.7,3185.13,257.26,2175530.807,2345298.236
2017-01-01,2017-12-31,IRQ,1911041.23,3018.66,243.81,2061821.974,2222716.552
2018-01-01,2018-12-31,IRQ,1634234.81,2581.42,208.5,1763176.928,1900766.614
2019-01-01,2019-12-31,IRQ,1678928.55,2652.01,214.2,1811396.229,1952748.362
2020-01-01,2020-12-31,IRQ,1384233.99,2186.52,176.6,1493449.698,1609991.214
2021-01-01,2021-12-31,IRQ,1262959.11,1994.953637,161.1308707,1362607.0441734002,1468938.0730255002
2015-01-01,2015-12-31,ISL,,,,,
2016-01-01,2016-12-31,ISL,,,,,
2017-01-01,2017-12-31,ISL,,,,,
2018-01-01,2018-12-31,ISL,,,,,
2019-01-01,2019-12-31,ISL,,,,,
2020-01-01,2020-12-31,ISL,,,,,
2021-01-01,2021-12-31,ISL,,,,,
2015-01-01,2015-12-31,ISR,,,,,
2016-01-01,2016-12-31,ISR,,,,,
2017-01-01,2017-12-31,ISR,,,,,
2018-01-01,2018-12-31,ISR,,,,,
2019-01-01,2019-12-31,ISR,,,,,
2020-01-01,2020-12-31,ISR,,,,,
2021-01-01,2021-12-31,ISR,80880.83955,127.7583128,10.31894065,87262.36727457,94071.88534681
2015-01-01,2015-12-31,ITA,353004.7,557.6,45.04,380857.66,410577.74
2016-01-01,2016-12-31,ITA,653851.43,1032.82,83.42,705440.768,760490.0740000001
2017-01-01,2017-12-31,ITA,1536298.24,2426.72,196.0,1657511.728,1786855.904
2018-01-01,2018-12-31,ITA,248230.08,392.1,31.67,267815.58,288714.50999999995
2019-01-01,2019-12-31,ITA,416739.73,658.28,53.17,449621.152,484707.476
2020-01-01,2020-12-31,ITA,527045.45,832.51,67.24,568628.999,613001.782
2021-01-01,2021-12-31,ITA,954141.3347,1507.149131,121.731276,1029423.4338029,1109754.4824851998
2015-01-01,2015-12-31,JAM,,,,,
2016-01-01,2016-12-31,JAM,,,,,
2017-01-01,2017-12-31,JAM,,,,,
2018-01-01,2018-12-31,JAM,,,,,
2019-01-01,2019-12-31,JAM,,,,,
2020-01-01,2020-12-31,JAM,,,,,
2021-01-01,2021-12-31,JAM,10724.49556,16.94027245,1.368252775,11570.66216893,12473.578690515
2015-01-01,2015-12-31,JEY,,,,,
2016-01-01,2016-12-31,JEY,,,,,
2017-01-01,2017-12-31,JEY,,,,,
2018-01-01,2018-12-31,JEY,,,,,
2019-01-01,2019-12-31,JEY,,,,,
2020-01-01,2020-12-31,JEY,,,,,
2021-01-01,2021-12-31,JEY,,,,,
2015-01-01,2015-12-31,JOR,,,,,
2016-01-01,2016-12-31,JOR,,,,,
2017-01-01,2017-12-31,JOR,,,,,
2018-01-01,2018-12-31,JOR,,,,,
2019-01-01,2019-12-31,JOR,2493.46,3.94,0.32,2690.746,2900.748
2020-01-01,2020-12-31,JOR,3990.77,6.3,0.51,4305.77,4641.56
2021-01-01,2021-12-31,JOR,3133.624041,4.949831414,0.3997940757,3380.8681201167,3644.6941344829
2015-01-01,2015-12-31,JPN,,,,,
2016-01-01,2016-12-31,JPN,,,,,
2017-01-01,2017-12-31,JPN,,,,,
2018-01-01,2018-12-31,JPN,,,,,
2019-01-01,2019-12-31,JPN,,,,,
2020-01-01,2020-12-31,JPN,,,,,
2021-01-01,2021-12-31,JPN,2713.656581,4.286456324,0.34621378,2927.7650743796003,3156.2331964488003
2015-01-01,2015-12-31,KAZ,105733.4,167.02,13.49,114076.028,122978.194
2016-01-01,2016-12-31,KAZ,65529.17,103.51,8.36,70699.379,76216.462
2017-01-01,2017-12-31,KAZ,222726.06,351.82,28.42,240300.498,259052.504
2018-01-01,2018-12-31,KAZ,241150.59,380.92,30.77,260178.468,280481.504
2019-01-01,2019-12-31,KAZ,100940.07,159.44,12.88,108904.68600000002,117402.83800000002
2020-01-01,2020-12-31,KAZ,338599.17,534.85,43.2,365315.085,393822.59
2021-01-01,2021-12-31,KAZ,85832.53015,135.5799383,10.95068732,92604.74806693,99831.15877832
2015-01-01,2015-12-31,KEN,1028309.95,1624.3,131.19,1109442.79,1196017.98
2016-01-01,2016-12-31,KEN,827695.91,1307.42,105.6,893001.7280000001,962687.2140000002
2017-01-01,2017-12-31,KEN,351898.59,555.85,44.9,379664.50500000006,409291.31000000006
2018-01-01,2018-12-31,KEN,528248.09,834.41,67.39,569925.5989999999,614399.652
2019-01-01,2019-12-31,KEN,925778.21,1462.35,118.11,998821.805,1076765.0599999998
2020-01-01,2020-12-31,KEN,1995814.97,3152.56,254.63,2153285.384,2321316.8320000004
2021-01-01,2021-12-31,KEN,1119263.56,1767.974032,142.7979026,1207573.8629026,1301806.8788082
2015-01-01,2015-12-31,KGZ,,,,,
2016-01-01,2016-12-31,KGZ,956.35,1.51,0.12,1031.239,1111.722
2017-01-01,2017-12-31,KGZ,252.2,0.4,0.03,271.55,292.87
2018-01-01,2018-12-31,KGZ,,,,,
2019-01-01,2019-12-31,KGZ,,,,,
2020-01-01,2020-12-31,KGZ,356.25,0.56,0.05,385.524,415.372
2021-01-01,2021-12-31,KGZ,462.1792987,0.7300523552,0.05896576715,498.64541384203,537.55720437419
2015-01-01,2015-12-31,KHM,,,,,
2016-01-01,2016-12-31,KHM,,,,,
2017-01-01,2017-12-31,KHM,,,,,
2018-01-01,2018-12-31,KHM,,,,,
2019-01-01,2019-12-31,KHM,,,,,
2020-01-01,2020-12-31,KHM,,,,,
2021-01-01,2021-12-31,KHM,3574.025258,5.645483396,0.4559813512,3856.017153626,4156.9214186328
2015-01-01,2015-12-31,KIR,,,,,
2016-01-01,2016-12-31,KIR,,,,,
2017-01-01,2017-12-31,KIR,,,,,
2018-01-01,2018-12-31,KIR,,,,,
2019-01-01,2019-12-31,KIR,,,,,
2020-01-01,2020-12-31,KIR,,,,,
2021-01-01,2021-12-31,KIR,,,,,
2015-01-01,2015-12-31,KNA,,,,,
2016-01-01,2016-12-31,KNA,,,,,
2017-01-01,2017-12-31,KNA,,,,,
2018-01-01,2018-12-31,KNA,,,,,
2019-01-01,2019-12-31,KNA,,,,,
2020-01-01,2020-12-31,KNA,,,,,
2021-01-01,2021-12-31,KNA,869.5100943,1.373466735,0.1109338516,938.1147576933,1011.3205346688
2015-01-01,2015-12-31,KOR,,,,,
2016-01-01,2016-12-31,KOR,,,,,
2017-01-01,2017-12-31,KOR,,,,,
2018-01-01,2018-12-31,KOR,,,,,
2019-01-01,2019-12-31,KOR,,,,,
2020-01-01,2020-12-31,KOR,,,,,
2021-01-01,2021-12-31,KOR,144.1117534,0.2276370346,0.01838606818,155.48222327848,167.61527722266
2015-01-01,2015-12-31,KWT,,,,,
2016-01-01,2016-12-31,KWT,,,,,
2017-01-01,2017-12-31,KWT,,,,,
2018-01-01,2018-12-31,KWT,,,,,
2019-01-01,2019-12-31,KWT,,,,,
2020-01-01,2020-12-31,KWT,,,,,
2021-01-01,2021-12-31,KWT,,,,,
2015-01-01,2015-12-31,LAO,,,,,
2016-01-01,2016-12-31,LAO,,,,,
2017-01-01,2017-12-31,LAO,,,,,
2018-01-01,2018-12-31,LAO,,,,,
2019-01-01,2019-12-31,LAO,,,,,
2020-01-01,2020-12-31,LAO,,,,,
2021-01-01,2021-12-31,LAO,1151.818566,1.819397493,0.1469513359,1242.6974707553998,1339.6713571322998
2015-01-01,2015-12-31,LBN,19093.46,30.16,2.44,20601.044,22208.572
2016-01-01,2016-12-31,LBN,38854.52,61.37,4.96,41920.823,45191.844
2017-01-01,2017-12-31,LBN,12765.99,20.16,1.63,13773.444,14847.972
2018-01-01,2018-12-31,LBN,10172.52,16.07,1.3,10975.773,11832.304
2019-01-01,2019-12-31,LBN,22762.94,35.96,2.9,24557.924,26474.592
2020-01-01,2020-12-31,LBN,37228.15,58.81,4.75,40165.699,43300.272
2021-01-01,2021-12-31,LBN,44960.17841,71.01850782,5.736110247,48507.552875609,52292.839342415005
2015-01-01,2015-12-31,LBR,107717.08,170.15,13.74,116215.285,125284.28
2016-01-01,2016-12-31,LBR,33984.56,53.68,4.34,36667.052,39528.196
2017-01-01,2017-12-31,LBR,23550.71,37.2,3.0,25407.59,27390.35
2018-01-01,2018-12-31,LBR,20189.09,31.89,2.58,21783.161,23482.898
2019-01-01,2019-12-31,LBR,27247.07,43.04,3.48,29397.926,31691.958
2020-01-01,2020-12-31,LBR,28200.47,44.55,3.6,30426.215,32800.73
2021-01-01,2021-12-31,LBR,15386.88719,24.30492509,1.963090104,16600.918198403,17896.3707057
2015-01-01,2015-12-31,LBY,,,,,
2016-01-01,2016-12-31,LBY,,,,,
2017-01-01,2017-12-31,LBY,,,,,
2018-01-01,2018-12-31,LBY,27063.43,42.75,3.45,29198.005,31476.58
2019-01-01,2019-12-31,LBY,12887.79,20.36,1.64,13903.554,14988.742
2020-01-01,2020-12-31,LBY,29462.52,46.54,3.76,31787.466,34268.048
2021-01-01,2021-12-31,LBY,18399.79076,29.06406802,2.347482417,19851.540957599,21400.655783065
2015-01-01,2015-12-31,LCA,,,,,
2016-01-01,2016-12-31,LCA,,,,,
2017-01-01,2017-12-31,LCA,,,,,
2018-01-01,2018-12-31,LCA,,,,,
2019-01-01,2019-12-31,LCA,,,,,
2020-01-01,2020-12-31,LCA,,,,,
2021-01-01,2021-12-31,LCA,,,,,
2015-01-01,2015-12-31,LIE,,,,,
2016-01-01,2016-12-31,LIE,,,,,
2017-01-01,2017-12-31,LIE,,,,,
2018-01-01,2018-12-31,LIE,,,,,
2019-01-01,2019-12-31,LIE,,,,,
2020-01-01,2020-12-31,LIE,,,,,
2021-01-01,2021-12-31,LIE,,,,,
2015-01-01,2015-12-31,LKA,,,,,
2016-01-01,2016-12-31,LKA,,,,,
2017-01-01,2017-12-31,LKA,,,,,
2018-01-01,2018-12-31,LKA,,,,,
2019-01-01,2019-12-31,LKA,,,,,
2020-01-01,2020-12-31,LKA,,,,,
2021-01-01,2021-12-31,LKA,1480.371855,2.338375956,0.1888688272,1597.173733998,1721.8091724528
2015-01-01,2015-12-31,LSO,46504.54,73.46,5.93,50172.964,54088.382
2016-01-01,2016-12-31,LSO,20284.81,,2.59,,
2017-01-01,2017-12-31,LSO,25448.63,40.2,3.25,27457.46,29600.120000000003
2018-01-01,2018-12-31,LSO,31120.61,49.16,3.97,33575.984,36196.212
2019-01-01,2019-12-31,LSO,97070.83,153.33,12.38,104728.477,112900.966
2020-01-01,2020-12-31,LSO,,,,,
2021-01-01,2021-12-31,LSO,21576.97096,34.08270018,2.752833476,23279.40183397,25096.009753564
2015-01-01,2015-12-31,LTU,,,,,
2016-01-01,2016-12-31,LTU,,,,,
2017-01-01,2017-12-31,LTU,,,,,
2018-01-01,2018-12-31,LTU,,,,,
2019-01-01,2019-12-31,LTU,,,,,
2020-01-01,2020-12-31,LTU,,,,,
2021-01-01,2021-12-31,LTU,,,,,
2015-01-01,2015-12-31,LUX,,,,,
2016-01-01,2016-12-31,LUX,,,,,
2017-01-01,2017-12-31,LUX,,,,,
2018-01-01,2018-12-31,LUX,,,,,
2019-01-01,2019-12-31,LUX,,,,,
2020-01-01,2020-12-31,LUX,,,,,
2021-01-01,2021-12-31,LUX,,,,,
2015-01-01,2015-12-31,LVA,,,,,
2016-01-01,2016-12-31,LVA,,,,,
2017-01-01,2017-12-31,LVA,,,,,
2018-01-01,2018-12-31,LVA,,,,,
2019-01-01,2019-12-31,LVA,,,,,
2020-01-01,2020-12-31,LVA,,,,,
2021-01-01,2021-12-31,LVA,,,,,
2015-01-01,2015-12-31,MAC,,,,,
2016-01-01,2016-12-31,MAC,,,,,
2017-01-01,2017-12-31,MAC,,,,,
2018-01-01,2018-12-31,MAC,,,,,
2019-01-01,2019-12-31,MAC,,,,,
2020-01-01,2020-12-31,MAC,,,,,
2021-01-01,2021-12-31,MAC,,,,,
2015-01-01,2015-12-31,MAF,,,,,
2016-01-01,2016-12-31,MAF,,,,,
2017-01-01,2017-12-31,MAF,,,,,
2018-01-01,2018-12-31,MAF,,,,,
2019-01-01,2019-12-31,MAF,,,,,
2020-01-01,2020-12-31,MAF,,,,,
2021-01-01,2021-12-31,MAF,328.0155582,0.5181290712,0.04184888652,353.89610530644,381.5123848014
2015-01-01,2015-12-31,MAR,25749.49,40.67,3.29,27782.353,29950.064
2016-01-01,2016-12-31,MAR,141592.22,223.66,18.06,152762.714,164683.79200000002
2017-01-01,2017-12-31,MAR,68788.9,108.66,8.78,74217.454,80009.03199999999
2018-01-01,2018-12-31,MAR,33558.41,53.01,4.28,36205.829000000005,39031.262
2019-01-01,2019-12-31,MAR,113530.76,179.33,14.48,122487.107,132045.396
2020-01-01,2020-12-31,MAR,66293.29,104.72,8.46,71524.55799999999,77106.13399999999
2021-01-01,2021-12-31,MAR,68247.93872,107.8035484,8.707209678,73632.725962454,79378.655092174
2015-01-01,2015-12-31,MCO,,,,,
2016-01-01,2016-12-31,MCO,,,,,
2017-01-01,2017-12-31,MCO,,,,,
2018-01-01,2018-12-31,MCO,,,,,
2019-01-01,2019-12-31,MCO,,,,,
2020-01-01,2020-12-31,MCO,,,,,
2021-01-01,2021-12-31,MCO,,,,,
2015-01-01,2015-12-31,MDA,,,,,
2016-01-01,2016-12-31,MDA,,,,,
2017-01-01,2017-12-31,MDA,,,,,
2018-01-01,2018-12-31,MDA,,,,,
2019-01-01,2019-12-31,MDA,,,,,
2020-01-01,2020-12-31,MDA,,,,,
2021-01-01,2021-12-31,MDA,,,,,
2015-01-01,2015-12-31,MDG,9852881.06,15563.48,1257.05,10630276.802,11459810.286
2016-01-01,2016-12-31,MDG,9648384.6,15240.46,1230.96,10409645.514,11221962.032
2017-01-01,2017-12-31,MDG,7549857.21,11925.66,963.23,8145544.914,8781182.591999998
2018-01-01,2018-12-31,MDG,5764339.2,9105.27,735.43,6219148.623,6704459.514
2019-01-01,2019-12-31,MDG,5295423.75,8364.58,675.6,5713234.332,6159066.446
2020-01-01,2020-12-31,MDG,5916656.99,9345.87,754.86,6383483.5430000005,6881618.414000001
2021-01-01,2021-12-31,MDG,3828351.314,6047.213498,488.4287825,4130409.6282167,4452726.1076601
2015-01-01,2015-12-31,MDV,,,,,
2016-01-01,2016-12-31,MDV,,,,,
2017-01-01,2017-12-31,MDV,,,,,
2018-01-01,2018-12-31,MDV,,,,,
2019-01-01,2019-12-31,MDV,,,,,
2020-01-01,2020-12-31,MDV,,,,,
2021-01-01,2021-12-31,MDV,,,,,
2015-01-01,2015-12-31,MEX,6407149.94,10120.65,817.44,6912677.195,7452107.840000001
2016-01-01,2016-12-31,MEX,7628522.87,12049.91,973.26,8230415.339,8872675.542000001
2017-01-01,2017-12-31,MEX,12301147.24,19430.73,1569.41,13271713.537,14307371.446
2018-01-01,2018-12-31,MEX,10862891.78,17158.88,1385.91,11719977.962,12634546.266
2019-01-01,2019-12-31,MEX,11255283.35,17778.7,1435.97,12143328.89,13090933.6
2020-01-01,2020-12-31,MEX,8104758.17,12802.17,1034.02,8744226.173,9426581.834
2021-01-01,2021-12-31,MEX,6530249.075,10315.09574,833.1423486,7045488.1073138,7595282.7102558
2015-01-01,2015-12-31,MHL,,,,,
2016-01-01,2016-12-31,MHL,,,,,
2017-01-01,2017-12-31,MHL,,,,,
2018-01-01,2018-12-31,MHL,,,,,
2019-01-01,2019-12-31,MHL,,,,,
2020-01-01,2020-12-31,MHL,,,,,
2021-01-01,2021-12-31,MHL,,,,,
2015-01-01,2015-12-31,MKD,18557.08,29.31,2.37,20021.839,21584.062
2016-01-01,2016-12-31,MKD,15956.88,25.21,2.04,17217.158999999996,18560.852
2017-01-01,2017-12-31,MKD,64650.52,102.12,8.25,69751.91799999999,75194.91399999999
2018-01-01,2018-12-31,MKD,10056.37,15.88,1.28,10848.862,11695.266
2019-01-01,2019-12-31,MKD,58378.17,92.21,7.45,62984.679,67899.47200000001
2020-01-01,2020-12-31,MKD,5034.5,7.95,0.64,5431.025000000001,5854.76
2021-01-01,2021-12-31,MKD,14157.90431,22.36363986,1.806293989,15274.968121090998,16466.950125629
2015-01-01,2015-12-31,MLI,11754263.84,18566.88,1499.63,12681678.782,13671293.486
2016-01-01,2016-12-31,MLI,15025909.3,23734.73,1917.04,16211460.187,17476521.296000004
2017-01-01,2017-12-31,MLI,15594492.54,24632.86,1989.58,16824904.674,18137836.112
2018-01-01,2018-12-31,MLI,10861785.93,17157.13,1385.77,11718785.067,12633260.096
2019-01-01,2019-12-31,MLI,12576172.96,19865.16,1604.49,13568436.694,14627249.722
2020-01-01,2020-12-31,MLI,16388798.62,25887.53,2090.92,17681881.867,19061687.216
2021-01-01,2021-12-31,MLI,12083340.61,19086.68626,1541.616967,13036720.588645,14054040.966302998
2015-01-01,2015-12-31,MLT,,,,,
2016-01-01,2016-12-31,MLT,,,,,
2017-01-01,2017-12-31,MLT,,,,,
2018-01-01,2018-12-31,MLT,,,,,
2019-01-01,2019-12-31,MLT,,,,,
2020-01-01,2020-12-31,MLT,,,,,
2021-01-01,2021-12-31,MLT,,,,,
2015-01-01,2015-12-31,MMR,546451.87,863.17,69.72,589567.873,635574.834
2016-01-01,2016-12-31,MMR,664504.67,1049.64,84.78,716934.566,772880.378
2017-01-01,2017-12-31,MMR,661401.7,1044.74,84.38,713585.686,769270.328
2018-01-01,2018-12-31,MMR,513389.25,810.94,65.5,553895.976,597119.078
2019-01-01,2019-12-31,MMR,624907.28,987.1,79.73,674213.66,726826.0900000001
2020-01-01,2020-12-31,MMR,788705.88,1245.83,100.62,850933.797,917336.536
2021-01-01,2021-12-31,MMR,764315.5048,1207.302742,97.51291374,824620.27675282,888969.51290142
2015-01-01,2015-12-31,MNE,,,,,
2016-01-01,2016-12-31,MNE,,,,,
2017-01-01,2017-12-31,MNE,,,,,
2018-01-01,2018-12-31,MNE,,,,,
2019-01-01,2019-12-31,MNE,,,,,
2020-01-01,2020-12-31,MNE,,,,,
2021-01-01,2021-12-31,MNE,47381.30964,74.84289494,6.045003053,51119.712242295005,55108.838542597005
2015-01-01,2015-12-31,MNG,,,,,
2016-01-01,2016-12-31,MNG,,,,,
2017-01-01,2017-12-31,MNG,,,,,
2018-01-01,2018-12-31,MNG,,,,,
2019-01-01,2019-12-31,MNG,,,,,
2020-01-01,2020-12-31,MNG,,,,,
2021-01-01,2021-12-31,MNG,,,,,
2015-01-01,2015-12-31,MNP,,,,,
2016-01-01,2016-12-31,MNP,,,,,
2017-01-01,2017-12-31,MNP,,,,,
2018-01-01,2018-12-31,MNP,,,,,
2019-01-01,2019-12-31,MNP,,,,,
2020-01-01,2020-12-31,MNP,,,,,
2021-01-01,2021-12-31,MNP,,,,,
2015-01-01,2015-12-31,MOZ,21152607.29,33412.38,2698.69,22821555.062,24602434.916
2016-01-01,2016-12-31,MOZ,14351722.52,22669.79,1831.02,15484078.121,16692377.928
2017-01-01,2017-12-31,MOZ,16568934.55,26172.07,2113.9,17876230.003,19271201.334
2018-01-01,2018-12-31,MOZ,17004759.95,26860.5,2169.5,18346441.4,19778106.05
2019-01-01,2019-12-31,MOZ,18436471.77,29122.01,2352.16,19891115.529,21443318.662
2020-01-01,2020-12-31,MOZ,15833506.19,25010.4,2020.07,17082775.46,18415829.78
2021-01-01,2021-12-31,MOZ,14744449.37,23290.13873,1881.12659,15907791.799637,17149156.193946
2015-01-01,2015-12-31,MRT,33382.04,52.73,4.26,36016.187000000005,38826.696
2016-01-01,2016-12-31,MRT,149651.72,236.39,19.09,161458.571,174058.158
2017-01-01,2017-12-31,MRT,143117.22,226.07,18.26,154409.553,166459.084
2018-01-01,2018-12-31,MRT,24706.83,39.03,3.15,26655.717,28736.016000000003
2019-01-01,2019-12-31,MRT,30718.12,48.52,3.92,33141.988,35728.10400000001
2020-01-01,2020-12-31,MRT,135994.18,214.81,17.35,146723.92899999995,158173.30199999997
2021-01-01,2021-12-31,MRT,116827.0429,184.5384638,14.90502977,126044.73916723,135880.63928777
2015-01-01,2015-12-31,MSR,,,,,
2016-01-01,2016-12-31,MSR,,,,,
2017-01-01,2017-12-31,MSR,,,,,
2018-01-01,2018-12-31,MSR,,,,,
2019-01-01,2019-12-31,MSR,,,,,
2020-01-01,2020-12-31,MSR,,,,,
2021-01-01,2021-12-31,MSR,,,,,
2015-01-01,2015-12-31,MTQ,,,,,
2016-01-01,2016-12-31,MTQ,,,,,
2017-01-01,2017-12-31,MTQ,,,,,
2018-01-01,2018-12-31,MTQ,,,,,
2019-01-01,2019-12-31,MTQ,,,,,
2020-01-01,2020-12-31,MTQ,,,,,
2021-01-01,2021-12-31,MTQ,462.1792987,0.7300523552,0.05896576715,498.64541384203,537.55720437419
2015-01-01,2015-12-31,MUS,,,,,
2016-01-01,2016-12-31,MUS,,,,,
2017-01-01,2017-12-31,MUS,,,,,
2018-01-01,2018-12-31,MUS,,,,,
2019-01-01,2019-12-31,MUS,,,,,
2020-01-01,2020-12-31,MUS,,,,,
2021-01-01,2021-12-31,MUS,,,,,
2015-01-01,2015-12-31,MWI,1715100.86,2709.15,218.82,1850424.005,1994821.7
2016-01-01,2016-12-31,MWI,1428540.83,2256.5,182.26,1541254.16,1661525.61
2017-01-01,2017-12-31,MWI,1453163.23,2295.4,185.4,1567819.09,1690163.91
2018-01-01,2018-12-31,MWI,1330764.77,2102.06,169.78,1435762.184,1547801.9819999998
2019-01-01,2019-12-31,MWI,1468936.48,2320.31,187.41,1584836.059,1708508.582
2020-01-01,2020-12-31,MWI,1404568.8,2218.64,179.2,1515390.4560000002,1633643.968
2021-01-01,2021-12-31,MWI,1044198.275,1649.401893,133.2209221,1126585.8995480002,1214499.0204449
2015-01-01,2015-12-31,MYS,,,,,
2016-01-01,2016-12-31,MYS,,,,,
2017-01-01,2017-12-31,MYS,,,,,
2018-01-01,2018-12-31,MYS,,,,,
2019-01-01,2019-12-31,MYS,,,,,
2020-01-01,2020-12-31,MYS,,,,,
2021-01-01,2021-12-31,MYS,640.436934,1.011625777,0.08170823581,690.96764155443,744.8872954685299
2015-01-01,2015-12-31,MYT,,,,,
2016-01-01,2016-12-31,MYT,,,,,
2017-01-01,2017-12-31,MYT,,,,,
2018-01-01,2018-12-31,MYT,,,,,
2019-01-01,2019-12-31,MYT,,,,,
2020-01-01,2020-12-31,MYT,,,,,
2021-01-01,2021-12-31,MYT,,,,,
2015-01-01,2015-12-31,NAM,11154690.92,17619.8,1423.14,12034800.56,12973935.9
2016-01-01,2016-12-31,NAM,8581814.86,13555.72,1094.89,9258924.418,9981444.294
2017-01-01,2017-12-31,NAM,11922437.42,18832.53,1521.09,12863122.577,13866896.426
2018-01-01,2018-12-31,NAM,10666900.6,16849.3,1360.9,11508521.77,12406589.46
2019-01-01,2019-12-31,NAM,3907763.34,6172.65,498.56,4216087.155,4545089.399999999
2020-01-01,2020-12-31,NAM,19346574.33,30559.59,2468.27,20873024.601,22501850.748
2021-01-01,2021-12-31,NAM,17422421.08,27520.22771,2222.787623,18797056.454188,20263884.591131
2015-01-01,2015-12-31,NCL,,,,,
2016-01-01,2016-12-31,NCL,,,,,
2017-01-01,2017-12-31,NCL,,,,,
2018-01-01,2018-12-31,NCL,,,,,
2019-01-01,2019-12-31,NCL,,,,,
2020-01-01,2020-12-31,NCL,,,,,
2021-01-01,2021-12-31,NCL,1182.738066,1.868237528,0.150896108,1276.0565305152,1375.6335907576
2015-01-01,2015-12-31,NER,496113.85,783.65,63.3,535258.585,577027.13
2016-01-01,2016-12-31,NER,627301.52,990.88,80.03,676795.262,729609.166
2017-01-01,2017-12-31,NER,907471.98,1433.43,115.78,979072.617,1055474.436
2018-01-01,2018-12-31,NER,911018.31,1439.03,116.23,982898.037,1059598.336
2019-01-01,2019-12-31,NER,1047784.4,1655.07,133.68,1130455.493,1218670.724
2020-01-01,2020-12-31,NER,832585.76,1315.14,106.22,898276.226,968373.188
2021-01-01,2021-12-31,NER,755260.1245,1192.998982,96.35761005,814850.42364145,878437.26938205
2015-01-01,2015-12-31,NFK,,,,,
2016-01-01,2016-12-31,NFK,,,,,
2017-01-01,2017-12-31,NFK,,,,,
2018-01-01,2018-12-31,NFK,,,,,
2019-01-01,2019-12-31,NFK,,,,,
2020-01-01,2020-12-31,NFK,,,,,
2021-01-01,2021-12-31,NFK,,,,,
2015-01-01,2015-12-31,NGA,13038969.04,20596.18,1663.54,14067748.882,15165525.276
2016-01-01,2016-12-31,NGA,15731622.4,24849.46,2007.07,16972852.444000002,18297328.662
2017-01-01,2017-12-31,NGA,15830069.02,25004.97,2019.63,17079066.673,18411831.574
2018-01-01,2018-12-31,NGA,14420753.4,22778.83,1839.83,15558556.347,16772667.986
2019-01-01,2019-12-31,NGA,13919099.84,21986.43,1775.83,15017322.827,16189199.546
2020-01-01,2020-12-31,NGA,13729767.38,21687.36,1751.67,14813050.634,15968986.922000002
2021-01-01,2021-12-31,NGA,11982141.09,18926.83282,1528.705728,12927536.389422,13936336.578728
2015-01-01,2015-12-31,NIC,229153.55,361.97,29.24,247235.033,266528.034
2016-01-01,2016-12-31,NIC,215311.83,340.1,27.47,232299.93,250427.26
2017-01-01,2017-12-31,NIC,134095.18,211.81,17.11,144675.709,155965.182
2018-01-01,2018-12-31,NIC,294719.29,465.53,37.6,317972.377,342785.126
2019-01-01,2019-12-31,NIC,313118.28,494.6,39.95,337823.97000000003,364186.15
2020-01-01,2020-12-31,NIC,323055.26,510.29,41.22,348545.411,375743.868
2021-01-01,2021-12-31,NIC,123995.796,195.8621322,15.81963376,133779.10950486,144218.56115112
2015-01-01,2015-12-31,NIU,,,,,
2016-01-01,2016-12-31,NIU,,,,,
2017-01-01,2017-12-31,NIU,,,,,
2018-01-01,2018-12-31,NIU,,,,,
2019-01-01,2019-12-31,NIU,,,,,
2020-01-01,2020-12-31,NIU,,,,,
2021-01-01,2021-12-31,NIU,,,,,
2015-01-01,2015-12-31,NLD,,,,,
2016-01-01,2016-12-31,NLD,,,,,
2017-01-01,2017-12-31,NLD,,,,,
2018-01-01,2018-12-31,NLD,,,,,
2019-01-01,2019-12-31,NLD,,,,,
2020-01-01,2020-12-31,NLD,,,,,
2021-01-01,2021-12-31,NLD,,,,,
2015-01-01,2015-12-31,NOR,,,,,
2016-01-01,2016-12-31,NOR,,,,,
2017-01-01,2017-12-31,NOR,,,,,
2018-01-01,2018-12-31,NOR,,,,,
2019-01-01,2019-12-31,NOR,,,,,
2020-01-01,2020-12-31,NOR,,,,,
2021-01-01,2021-12-31,NOR,183.9038047,0.2904920366,0.02346281834,198.41388192796,213.89710747874
2015-01-01,2015-12-31,NPL,23147.68,36.56,2.95,24973.054,26921.702
2016-01-01,2016-12-31,NPL,66233.06,104.62,8.45,71458.808,77035.054
2017-01-01,2017-12-31,NPL,22604.04,35.71,2.88,24386.589000000004,26289.932000000004
2018-01-01,2018-12-31,NPL,44592.1,70.44,5.69,48110.746,51865.198
2019-01-01,2019-12-31,NPL,18123.94,28.63,2.31,19553.347,21079.326
2020-01-01,2020-12-31,NPL,33641.22,53.14,4.29,36294.996,39127.358
2021-01-01,2021-12-31,NPL,87918.38646,138.8747295,11.21680508,94855.17919989,102257.20228224
2015-01-01,2015-12-31,NRU,,,,,
2016-01-01,2016-12-31,NRU,,,,,
2017-01-01,2017-12-31,NRU,,,,,
2018-01-01,2018-12-31,NRU,,,,,
2019-01-01,2019-12-31,NRU,,,,,
2020-01-01,2020-12-31,NRU,,,,,
2021-01-01,2021-12-31,NRU,,,,,
2015-01-01,2015-12-31,NZL,,,,,
2016-01-01,2016-12-31,NZL,,,,,
2017-01-01,2017-12-31,NZL,,,,,
2018-01-01,2018-12-31,NZL,48378.26,76.42,6.17,52194.78800000001,56267.974
2019-01-01,2019-12-31,NZL,50804.77,80.25,6.48,54812.785,59090.11
2020-01-01,2020-12-31,NZL,26892.97,42.48,3.43,29014.552,31278.736
2021-01-01,2021-12-31,NZL,25324.95201,40.00296186,3.231008458,27323.099954928,29455.257822066
2015-01-01,2015-12-31,OMN,,,,,
2016-01-01,2016-12-31,OMN,,,,,
2017-01-01,2017-12-31,OMN,,,,,
2018-01-01,2018-12-31,OMN,,,,,
2019-01-01,2019-12-31,OMN,,,,,
2020-01-01,2020-12-31,OMN,,,,,
2021-01-01,2021-12-31,OMN,3493.903425,5.518924,0.4457592462,3769.5736788126,4063.7323280126
2015-01-01,2015-12-31,PAK,143875.42,227.26,18.36,155228.25400000002,167341.212
2016-01-01,2016-12-31,PAK,309673.04,489.16,39.51,334106.834,360179.062
2017-01-01,2017-12-31,PAK,243251.5,384.24,31.03,262442.986,282922.978
2018-01-01,2018-12-31,PAK,189277.61,298.98,24.15,204212.102,220147.736
2019-01-01,2019-12-31,PAK,149172.07,235.63,19.03,160941.337,173500.416
2020-01-01,2020-12-31,PAK,246229.99,388.94,31.41,265656.346,286386.848
2021-01-01,2021-12-31,PAK,304906.3243,481.6260287,38.90056386,328963.54443450994,354634.21176422
2015-01-01,2015-12-31,PAN,,,,,
2016-01-01,2016-12-31,PAN,,,,,
2017-01-01,2017-12-31,PAN,,,,,
2018-01-01,2018-12-31,PAN,,,,,
2019-01-01,2019-12-31,PAN,,,,,
2020-01-01,2020-12-31,PAN,,,,,
2021-01-01,2021-12-31,PAN,15677.79935,24.76444612,2.000205264,16914.78343382,18234.728412016
2015-01-01,2015-12-31,PCN,,,,,
2016-01-01,2016-12-31,PCN,,,,,
2017-01-01,2017-12-31,PCN,,,,,
2018-01-01,2018-12-31,PCN,,,,,
2019-01-01,2019-12-31,PCN,,,,,
2020-01-01,2020-12-31,PCN,,,,,
2021-01-01,2021-12-31,PCN,,,,,
2015-01-01,2015-12-31,PER,666400.17,1052.64,85.02,718979.286,775084.998
2016-01-01,2016-12-31,PER,1242778.63,1963.08,158.56,1340835.4419999998,1445467.6059999997
2017-01-01,2017-12-31,PER,715457.32,1130.13,91.28,771907.3869999999,832143.3159999999
2018-01-01,2018-12-31,PER,623881.29,985.47,79.6,673106.7030000001,725632.2540000001
2019-01-01,2019-12-31,PER,595340.17,940.39,75.95,642311.4010000001,692434.188
2020-01-01,2020-12-31,PER,1004794.47,1587.16,128.19,1084072.104,1168667.732
2021-01-01,2021-12-31,PER,413698.3304,653.4724538,52.78046742,446339.27946668,481169.36125422
2015-01-01,2015-12-31,PHL,85546.46,135.13,10.91,92295.017,99497.446
2016-01-01,2016-12-31,PHL,86824.64,137.15,11.08,93675.965,100986.06
2017-01-01,2017-12-31,PHL,39376.39,62.2,5.02,42482.23,45797.49
2018-01-01,2018-12-31,PHL,54742.3,86.47,6.98,59060.353,63669.204000000005
2019-01-01,2019-12-31,PHL,74710.11,118.01,9.53,80604.27900000001,86894.212
2020-01-01,2020-12-31,PHL,67515.01,106.65,8.61,72841.075,78525.51999999999
2021-01-01,2021-12-31,PHL,32012.70528,50.56684917,4.08424551,34538.519396073,37233.732456834
2015-01-01,2015-12-31,PLW,,,,,
2016-01-01,2016-12-31,PLW,,,,,
2017-01-01,2017-12-31,PLW,,,,,
2018-01-01,2018-12-31,PLW,,,,,
2019-01-01,2019-12-31,PLW,,,,,
2020-01-01,2020-12-31,PLW,,,,,
2021-01-01,2021-12-31,PLW,,,,,
2015-01-01,2015-12-31,PNG,,,,,
2016-01-01,2016-12-31,PNG,,,,,
2017-01-01,2017-12-31,PNG,,,,,
2018-01-01,2018-12-31,PNG,,,,,
2019-01-01,2019-12-31,PNG,,,,,
2020-01-01,2020-12-31,PNG,,,,,
2021-01-01,2021-12-31,PNG,106723.3571,168.5788144,13.61598116,115143.86887844,124129.11968596
2015-01-01,2015-12-31,POL,,,,,
2016-01-01,2016-12-31,POL,,,,,
2017-01-01,2017-12-31,POL,,,,,
2018-01-01,2018-12-31,POL,,,,,
2019-01-01,2019-12-31,POL,,,,,
2020-01-01,2020-12-31,POL,,,,,
2021-01-01,2021-12-31,POL,,,,,
2015-01-01,2015-12-31,PRI,,,,,
2016-01-01,2016-12-31,PRI,,,,,
2017-01-01,2017-12-31,PRI,,,,,
2018-01-01,2018-12-31,PRI,,,,,
2019-01-01,2019-12-31,PRI,,,,,
2020-01-01,2020-12-31,PRI,,,,,
2021-01-01,2021-12-31,PRI,1840.920104,2.907893238,0.2348683,1986.1693712402,2141.1600808256
2015-01-01,2015-12-31,PRK,19175.74,30.29,2.45,20689.681,22304.138
2016-01-01,2016-12-31,PRK,,,,,
2017-01-01,2017-12-31,PRK,5825.23,9.2,0.74,6283.93,6774.29
2018-01-01,2018-12-31,PRK,,,,,
2019-01-01,2019-12-31,PRK,4386.0,6.93,0.56,4732.227,5101.5960000000005
2020-01-01,2020-12-31,PRK,414.32,0.65,0.05,446.105,480.75
2021-01-01,2021-12-31,PRK,574.296092,0.9071505706,0.07326985378,619.60826300168,667.95938841466
2015-01-01,2015-12-31,PRT,454675.27,718.2,58.01,490549.78,528829.8400000001
2016-01-01,2016-12-31,PRT,1128413.31,1782.43,143.97,1217446.917,1312450.4360000002
2017-01-01,2017-12-31,PRT,2018409.86,3188.25,257.51,2177662.265,2347595.99
2018-01-01,2018-12-31,PRT,423572.94,669.07,54.04,456992.913,492654.344
2019-01-01,2019-12-31,PRT,204590.03,323.17,26.1,220731.773,237956.734
2020-01-01,2020-12-31,PRT,302677.16,478.1,38.62,326559.41,352042.14
2021-01-01,2021-12-31,PRT,165862.4113,261.9940883,21.16106098,178949.01601111,192913.3009175
2015-01-01,2015-12-31,PRY,3436546.68,5428.32,438.44,3707690.928,3997020.384
2016-01-01,2016-12-31,PRY,4027368.3,6361.58,513.82,4345129.242000001,4684201.456
2017-01-01,2017-12-31,PRY,4065340.14,6421.56,518.66,4386095.844,4728364.992
2018-01-01,2018-12-31,PRY,2174355.18,3434.58,277.41,2345912.8920000005,2528976.0060000005
2019-01-01,2019-12-31,PRY,3085389.35,4873.64,393.64,3328827.626,3588592.6380000003
2020-01-01,2020-12-31,PRY,5136989.82,8114.32,655.39,5542300.818,5974794.074
2021-01-01,2021-12-31,PRY,2056059.862,3247.725177,262.3162643,2218283.7345922,2391387.4865263
2015-01-01,2015-12-31,PSE,4948.2,7.82,0.63,5338.368,5755.174
2016-01-01,2016-12-31,PSE,16124.38,25.47,2.06,17397.373,18754.924
2017-01-01,2017-12-31,PSE,,,,,
2018-01-01,2018-12-31,PSE,3032.26,4.79,0.39,3272.371,3527.678
2019-01-01,2019-12-31,PSE,9349.52,14.77,1.19,10086.473000000002,10873.714000000002
2020-01-01,2020-12-31,PSE,15108.88,23.87,1.93,16301.743,17574.014
2021-01-01,2021-12-31,PSE,14742.41728,23.28692888,1.880867333,15905.599377661,17146.792686965
2015-01-01,2015-12-31,PYF,,,,,
2016-01-01,2016-12-31,PYF,,,,,
2017-01-01,2017-12-31,PYF,,,,,
2018-01-01,2018-12-31,PYF,,,,,
2019-01-01,2019-12-31,PYF,,,,,
2020-01-01,2020-12-31,PYF,,,,,
2021-01-01,2021-12-31,PYF,,,,,
2015-01-01,2015-12-31,QAT,,,,,
2016-01-01,2016-12-31,QAT,,,,,
2017-01-01,2017-12-31,QAT,,,,,
2018-01-01,2018-12-31,QAT,,,,,
2019-01-01,2019-12-31,QAT,,,,,
2020-01-01,2020-12-31,QAT,,,,,
2021-01-01,2021-12-31,QAT,1024.914187,1.618941,0.1307606192,1105.7802899416,1192.0698452416
2015-01-01,2015-12-31,REU,,,,,
2016-01-01,2016-12-31,REU,,,,,
2017-01-01,2017-12-31,REU,,,,,
2018-01-01,2018-12-31,REU,,,,,
2019-01-01,2019-12-31,REU,,,,,
2020-01-01,2020-12-31,REU,,,,,
2021-01-01,2021-12-31,REU,115854.0197,183.0014892,14.78088951,124994.94408491,134748.92345927
2015-01-01,2015-12-31,ROU,5755.06,9.09,0.73,6207.961,6692.4580000000005
2016-01-01,2016-12-31,ROU,,,,,
2017-01-01,2017-12-31,ROU,13942.01,22.02,1.78,15042.308,16215.974
2018-01-01,2018-12-31,ROU,3949.09,6.24,0.5,4259.686,4592.278
2019-01-01,2019-12-31,ROU,12722.43,20.1,1.62,13725.48,14796.81
2020-01-01,2020-12-31,ROU,10458.59,16.52,1.33,11282.588,12163.104
2021-01-01,2021-12-31,ROU,5671.980504,8.959385972,0.7236427131,6119.5018332951,6597.0371056027
2015-01-01,2015-12-31,RUS,919828.49,1452.95,117.35,992402.345,1069844.58
2016-01-01,2016-12-31,RUS,5217366.0,8241.28,665.64,5629017.432,6068277.656
2017-01-01,2017-12-31,RUS,2362702.25,3732.09,301.44,2549120.6810000003,2748041.078
2018-01-01,2018-12-31,RUS,2324608.35,3671.92,296.58,2508021.258,2703734.594
2019-01-01,2019-12-31,RUS,5117348.95,8083.3,652.88,5521109.260000001,5951949.15
2020-01-01,2020-12-31,RUS,8934374.58,14112.62,1139.87,9639301.188,10391503.834
2021-01-01,2021-12-31,RUS,8314954.571,13134.19313,1060.838676,8971007.517875,9671060.011704
2015-01-01,2015-12-31,RWA,113715.2,179.62,14.51,122687.828,132261.574
2016-01-01,2016-12-31,RWA,71649.08,113.18,9.14,77302.022,83334.516
2017-01-01,2017-12-31,RWA,33780.23,53.36,4.31,36445.604,39289.692
2018-01-01,2018-12-31,RWA,41965.29,66.29,5.35,45275.331000000006,48808.588
2019-01-01,2019-12-31,RWA,37920.21,59.9,4.84,40912.74,44105.41
2020-01-01,2020-12-31,RWA,66644.43,105.27,8.5,71901.96299999999,77512.85399999999
2021-01-01,2021-12-31,RWA,72933.72162,115.2051496,9.305031313,78688.21884228899,84828.653315969
2015-01-01,2015-12-31,SAU,7090.24,11.2,0.9,7648.419999999999,8245.38
2016-01-01,2016-12-31,SAU,10734.71,16.96,1.37,11581.904,12485.872
2017-01-01,2017-12-31,SAU,8346.11,13.18,1.06,9003.212,9705.706
2018-01-01,2018-12-31,SAU,13127.88,20.74,1.67,14162.436,15267.878
2019-01-01,2019-12-31,SAU,8517.38,13.45,1.09,9190.204999999998,9907.089999999998
2020-01-01,2020-12-31,SAU,13131.92,20.74,1.68,14169.206,15274.648
2021-01-01,2021-12-31,SAU,19869.67687,31.38588084,2.535013452,21437.401617832,23110.269066604
2015-01-01,2015-12-31,SCG,,,,,
2016-01-01,2016-12-31,SCG,,,,,
2017-01-01,2017-12-31,SCG,,,,,
2018-01-01,2018-12-31,SCG,,,,,
2019-01-01,2019-12-31,SCG,,,,,
2020-01-01,2020-12-31,SCG,,,,,
2021-01-01,2021-12-31,SCG,,,,,
2015-01-01,2015-12-31,SDN,12003419.62,18960.44,1531.42,12950493.556,13961085.008
2016-01-01,2016-12-31,SDN,13270211.13,20961.45,1693.04,14317235.505,15434480.79
2017-01-01,2017-12-31,SDN,14156608.11,22361.59,1806.13,15273569.961,16465442.708
2018-01-01,2018-12-31,SDN,14041067.05,22179.09,1791.39,15148913.131,16331058.628
2019-01-01,2019-12-31,SDN,13898110.61,21953.27,1773.15,14994676.792999998,16164786.084
2020-01-01,2020-12-31,SDN,16803477.5,26542.55,2143.82,18129277.505,19543995.42
2021-01-01,2021-12-31,SDN,13528304.26,21369.13188,1725.968344,14595692.397364,15734667.126568
2015-01-01,2015-12-31,SEN,4382630.66,6922.75,559.14,4728420.605,5097403.18
2016-01-01,2016-12-31,SEN,6992218.66,11044.82,892.08,7543906.978,8132595.884
2017-01-01,2017-12-31,SEN,8252325.92,13035.27,1052.85,8903438.003,9598217.894
2018-01-01,2018-12-31,SEN,4946587.54,7813.56,631.1,5336876.164,5753338.912
2019-01-01,2019-12-31,SEN,6141956.36,9701.75,783.6,6626557.985,7143661.26
2020-01-01,2020-12-31,SEN,9466367.42,14952.95,1207.74,10213267.745,11010259.98
2021-01-01,2021-12-31,SEN,6063301.989,9577.512255,773.5682975,6541698.726132,7052180.1293235
2015-01-01,2015-12-31,SGP,,,,,
2016-01-01,2016-12-31,SGP,,,,,
2017-01-01,2017-12-31,SGP,,,,,
2018-01-01,2018-12-31,SGP,,,,,
2019-01-01,2019-12-31,SGP,,,,,
2020-01-01,2020-12-31,SGP,,,,,
2021-01-01,2021-12-31,SGP,,,,,
2015-01-01,2015-12-31,SGS,,,,,
2016-01-01,2016-12-31,SGS,,,,,
2017-01-01,2017-12-31,SGS,,,,,
2018-01-01,2018-12-31,SGS,,,,,
2019-01-01,2019-12-31,SGS,,,,,
2020-01-01,2020-12-31,SGS,,,,,
2021-01-01,2021-12-31,SGS,,,,,
2015-01-01,2015-12-31,SHN,,,,,
2016-01-01,2016-12-31,SHN,,,,,
2017-01-01,2017-12-31,SHN,,,,,
2018-01-01,2018-12-31,SHN,,,,,
2019-01-01,2019-12-31,SHN,,,,,
2020-01-01,2020-12-31,SHN,,,,,
2021-01-01,2021-12-31,SHN,,,,,
2015-01-01,2015-12-31,SJM,,,,,
2016-01-01,2016-12-31,SJM,,,,,
2017-01-01,2017-12-31,SJM,,,,,
2018-01-01,2018-12-31,SJM,,,,,
2019-01-01,2019-12-31,SJM,,,,,
2020-01-01,2020-12-31,SJM,,,,,
2021-01-01,2021-12-31,SJM,,,,,
2015-01-01,2015-12-31,SLB,,,,,
2016-01-01,2016-12-31,SLB,,,,,
2017-01-01,2017-12-31,SLB,,,,,
2018-01-01,2018-12-31,SLB,,,,,
2019-01-01,2019-12-31,SLB,,,,,
2020-01-01,2020-12-31,SLB,,,,,
2021-01-01,2021-12-31,SLB,49.20233372,0.07771936068,0.006277332978,53.084415785966,57.22685771021
2015-01-01,2015-12-31,SLE,3343972.62,5282.1,426.63,3607813.2,3889349.13
2016-01-01,2016-12-31,SLE,1522249.49,2404.53,194.21,1642355.2070000002,1770516.656
2017-01-01,2017-12-31,SLE,1461665.02,2308.83,186.48,1576990.417,1700051.056
2018-01-01,2018-12-31,SLE,1493851.14,2359.67,190.59,1611717.003,1737487.414
2019-01-01,2019-12-31,SLE,1657305.33,2617.86,211.44,1788066.7440000002,1927598.6820000005
2020-01-01,2020-12-31,SLE,1646254.43,2600.4,210.03,1776143.7799999998,1914745.1
2021-01-01,2021-12-31,SLE,1021351.991,1613.314203,130.3061471,1101937.035422,1187926.6824419
2015-01-01,2015-12-31,SLV,21795.56,34.43,2.78,23515.097,25350.216
2016-01-01,2016-12-31,SLV,11098.76,17.53,1.42,11975.507,12909.856
2017-01-01,2017-12-31,SLV,15981.89,25.24,2.04,17243.005999999998,18588.298
2018-01-01,2018-12-31,SLV,11295.57,17.84,1.44,12186.426,13137.298
2019-01-01,2019-12-31,SLV,9466.48,14.95,1.21,10213.915,11010.75
2020-01-01,2020-12-31,SLV,10044.8,15.87,1.28,10837.013,11682.884
2021-01-01,2021-12-31,SLV,4498.921586,7.106437499,0.5739814903,4853.888139074001,5232.6612577707
2015-01-01,2015-12-31,SMR,,,,,
2016-01-01,2016-12-31,SMR,,,,,
2017-01-01,2017-12-31,SMR,,,,,
2018-01-01,2018-12-31,SMR,,,,,
2019-01-01,2019-12-31,SMR,,,,,
2020-01-01,2020-12-31,SMR,,,,,
2021-01-01,2021-12-31,SMR,,,,,
2015-01-01,2015-12-31,SOM,114034.07,180.13,14.55,123031.847,132632.776
2016-01-01,2016-12-31,SOM,242144.04,382.49,30.89,261248.481,281635.198
2017-01-01,2017-12-31,SOM,71759.86,113.35,9.16,77423.00499999999,83464.56
2018-01-01,2018-12-31,SOM,64059.02,101.19,8.17,69112.631,74506.058
2019-01-01,2019-12-31,SOM,174992.27,276.42,22.33,188800.478,203533.664
2020-01-01,2020-12-31,SOM,143980.01,227.43,18.37,155340.317,167462.336
2021-01-01,2021-12-31,SOM,145666.0632,230.0922019,18.58437015,157159.16868396002,169423.08304523
2015-01-01,2015-12-31,SPM,,,,,
2016-01-01,2016-12-31,SPM,,,,,
2017-01-01,2017-12-31,SPM,,,,,
2018-01-01,2018-12-31,SPM,,,,,
2019-01-01,2019-12-31,SPM,,,,,
2020-01-01,2020-12-31,SPM,,,,,
2021-01-01,2021-12-31,SPM,,,,,
2015-01-01,2015-12-31,SRB,,,,,
2016-01-01,2016-12-31,SRB,,,,,
2017-01-01,2017-12-31,SRB,11583.25,18.3,1.48,12497.86,13473.25
2018-01-01,2018-12-31,SRB,7971.32,12.59,1.02,8601.041,9272.088
2019-01-01,2019-12-31,SRB,9338.5,14.75,1.19,10074.895,10861.070000000002
2020-01-01,2020-12-31,SRB,2981.72,4.71,0.38,3216.869,3467.912
2021-01-01,2021-12-31,SRB,4971.048897,7.852203604,0.634216445,5363.266467036599,5781.788919129799
2015-01-01,2015-12-31,SSD,49976894.61,78942.85,6376.15,53920089.075,58127742.98
2016-01-01,2016-12-31,SSD,55823685.89,88178.36,7122.1,60228195.434,64928102.022
2017-01-01,2017-12-31,SSD,45975459.16,72622.23,5865.64,49602939.097,53473703.95599999
2018-01-01,2018-12-31,SSD,49068956.14,77508.68,6260.32,52940515.672,57071728.316
2019-01-01,2019-12-31,SSD,30676244.07,48455.79,3913.74,33096611.631,35679305.238000005
2020-01-01,2020-12-31,SSD,49257327.68,77806.23,6284.35,53143749.047,57290821.106
2021-01-01,2021-12-31,SSD,38474556.66,60773.90481,4908.661543,41510213.205438,44749462.331811
2015-01-01,2015-12-31,STP,,,,,
2016-01-01,2016-12-31,STP,,,,,
2017-01-01,2017-12-31,STP,,,,,
2018-01-01,2018-12-31,STP,,,,,
2019-01-01,2019-12-31,STP,,,,,
2020-01-01,2020-12-31,STP,,,,,
2021-01-01,2021-12-31,STP,,,,,
2015-01-01,2015-12-31,SUR,,,,,
2016-01-01,2016-12-31,SUR,,,,,
2017-01-01,2017-12-31,SUR,,,,,
2018-01-01,2018-12-31,SUR,,,,,
2019-01-01,2019-12-31,SUR,,,,,
2020-01-01,2020-12-31,SUR,,,,,
2021-01-01,2021-12-31,SUR,767.0724487,1.211657574,0.0978646502,827.5947445192,892.1760932134
2015-01-01,2015-12-31,SVK,,,,,
2016-01-01,2016-12-31,SVK,,,,,
2017-01-01,2017-12-31,SVK,,,,,
2018-01-01,2018-12-31,SVK,,,,,
2019-01-01,2019-12-31,SVK,,,,,
2020-01-01,2020-12-31,SVK,,,,,
2021-01-01,2021-12-31,SVK,,,,,
2015-01-01,2015-12-31,SVN,,,,,
2016-01-01,2016-12-31,SVN,,,,,
2017-01-01,2017-12-31,SVN,,,,,
2018-01-01,2018-12-31,SVN,,,,,
2019-01-01,2019-12-31,SVN,,,,,
2020-01-01,2020-12-31,SVN,,,,,
2021-01-01,2021-12-31,SVN,204.8752912,0.3236183215,0.02613840289,221.04002635882,238.28888289477
2015-01-01,2015-12-31,SWE,,,,,
2016-01-01,2016-12-31,SWE,,,,,
2017-01-01,2017-12-31,SWE,3243.05,5.12,0.41,3497.828,3770.724
2018-01-01,2018-12-31,SWE,17160.32,27.11,2.19,18514.559,19959.522
2019-01-01,2019-12-31,SWE,,,,,
2020-01-01,2020-12-31,SWE,,,,,
2021-01-01,2021-12-31,SWE,,,,,
2015-01-01,2015-12-31,SWZ,38450.95,60.74,4.91,41486.026,44723.468
2016-01-01,2016-12-31,SWZ,20641.05,32.6,2.63,22268.58,24006.16
2017-01-01,2017-12-31,SWZ,24911.17,39.35,3.18,26877.175,28974.53
2018-01-01,2018-12-31,SWZ,37331.4,58.97,4.76,40276.143,43419.244000000006
2019-01-01,2019-12-31,SWZ,145331.86,229.56,18.54,156798.004,169033.552
2020-01-01,2020-12-31,SWZ,42073.64,66.46,5.37,45393.884,48936.202
2021-01-01,2021-12-31,SWZ,77500.93497,122.4194599,9.887725604,83615.786991102,90140.744203772
2015-01-01,2015-12-31,SXM,,,,,
2016-01-01,2016-12-31,SXM,,,,,
2017-01-01,2017-12-31,SXM,,,,,
2018-01-01,2018-12-31,SXM,,,,,
2019-01-01,2019-12-31,SXM,,,,,
2020-01-01,2020-12-31,SXM,,,,,
2021-01-01,2021-12-31,SXM,,,,,
2015-01-01,2015-12-31,SYC,,,,,
2016-01-01,2016-12-31,SYC,,,,,
2017-01-01,2017-12-31,SYC,,,,,
2018-01-01,2018-12-31,SYC,,,,,
2019-01-01,2019-12-31,SYC,,,,,
2020-01-01,2020-12-31,SYC,,,,,
2021-01-01,2021-12-31,SYC,,,,,
2015-01-01,2015-12-31,SYR,150525.53,237.77,19.2,162400.913,175074.054
2016-01-01,2016-12-31,SYR,152583.16,241.02,19.47,164622.928,177469.294
2017-01-01,2017-12-31,SYR,168009.84,265.39,21.44,181267.341,195412.628
2018-01-01,2018-12-31,SYR,82993.85,131.1,10.59,89542.61000000002,96530.24000000002
2019-01-01,2019-12-31,SYR,84726.15,133.83,10.81,91411.137,98544.276
2020-01-01,2020-12-31,SYR,305852.46,483.12,39.02,329983.96800000005,355734.264
2021-01-01,2021-12-31,SYR,59552.30004,94.06803166,7.597802557,64250.998221375005,69264.824308853
2015-01-01,2015-12-31,TCA,,,,,
2016-01-01,2016-12-31,TCA,,,,,
2017-01-01,2017-12-31,TCA,,,,,
2018-01-01,2018-12-31,TCA,917.1,,,,
2019-01-01,2019-12-31,TCA,,,,,
2020-01-01,2020-12-31,TCA,,0.47,0.04,,
2021-01-01,2021-12-31,TCA,,,,,
2015-01-01,2015-12-31,TCD,16733879.59,26432.62,2134.94,18054188.308,19463046.954
2016-01-01,2016-12-31,TCD,23487366.1,37100.34,2996.57,25340529.196,27317977.318
2017-01-01,2017-12-31,TCD,19160063.33,30264.98,2444.48,20671799.312,22284922.746
2018-01-01,2018-12-31,TCD,21179494.88,33454.85,2702.12,22850563.955,24633707.46
2019-01-01,2019-12-31,TCD,19003051.97,30016.97,2424.45,20502400.283,22102304.784
2020-01-01,2020-12-31,TCD,20112170.97,31768.92,2565.95,21699028.188,23392311.624
2021-01-01,2021-12-31,TCD,17211503.58,27187.06519,2195.878343,18569497.48644,20018568.061067
2015-01-01,2015-12-31,TGO,2220221.16,3507.03,283.26,2395397.277,2582321.9760000003
2016-01-01,2016-12-31,TGO,1848599.7,2920.02,235.85,1994455.308,2150092.374
2017-01-01,2017-12-31,TGO,1953078.84,3085.06,249.18,2107178.154,2271611.8520000004
2018-01-01,2018-12-31,TGO,1448878.87,2288.63,184.85,1563195.6970000002,1685179.6760000002
2019-01-01,2019-12-31,TGO,1580727.41,2496.9,201.67,1705446.8299999998,1838531.6
2020-01-01,2020-12-31,TGO,1676385.89,2648.0,213.88,1808654.33,1949792.73
2021-01-01,2021-12-31,TGO,993350.4862,1569.083393,126.7336586,1071726.2016625002,1155358.3465094
2015-01-01,2015-12-31,THA,,,,,
2016-01-01,2016-12-31,THA,,,,,
2017-01-01,2017-12-31,THA,,,,,
2018-01-01,2018-12-31,THA,,,,,
2019-01-01,2019-12-31,THA,,,,,
2020-01-01,2020-12-31,THA,,,,,
2021-01-01,2021-12-31,THA,1757.571888,2.776237491,0.2242345665,1896.2449506534,2044.2184089237
2015-01-01,2015-12-31,TJK,2712.58,4.28,0.35,2927.542,3155.666
2016-01-01,2016-12-31,TJK,9411.09,14.87,1.2,10153.563,10946.134
2017-01-01,2017-12-31,TJK,3452.77,5.45,0.44,3724.945,4015.43
2018-01-01,2018-12-31,TJK,3206.22,5.06,0.41,3459.324,3729.022
2019-01-01,2019-12-31,TJK,,,,,
2020-01-01,2020-12-31,TJK,6175.83,9.76,0.79,6663.804,7184.012
2021-01-01,2021-12-31,TJK,11810.71102,18.65604413,1.506834334,12742.580424409,13736.947576538
2015-01-01,2015-12-31,TKL,,,,,
2016-01-01,2016-12-31,TKL,,,,,
2017-01-01,2017-12-31,TKL,,,,,
2018-01-01,2018-12-31,TKL,,,,,
2019-01-01,2019-12-31,TKL,,,,,
2020-01-01,2020-12-31,TKL,,,,,
2021-01-01,2021-12-31,TKL,,,,,
2015-01-01,2015-12-31,TKM,30745.54,48.57,3.92,33170.803,35759.584
2016-01-01,2016-12-31,TKM,67192.64,106.14,8.57,72493.556,78150.818
2017-01-01,2017-12-31,TKM,60366.69,95.35,7.7,65129.055,70211.21
2018-01-01,2018-12-31,TKM,52664.78,83.19,6.72,56820.34099999999,61254.368
2019-01-01,2019-12-31,TKM,45871.36,72.46,5.85,49490.044,53352.162
2020-01-01,2020-12-31,TKM,70567.17,111.47,9.0,76134.183,82075.534
2021-01-01,2021-12-31,TKM,88872.5891,140.3819755,11.33854417,95884.66877486,103367.02806901
2015-01-01,2015-12-31,TLS,40980.17,64.73,5.23,44213.927,47664.036
2016-01-01,2016-12-31,TLS,10847.64,17.13,1.38,11702.307,12615.336
2017-01-01,2017-12-31,TLS,17842.43,28.18,2.28,19251.092,20753.086
2018-01-01,2018-12-31,TLS,26993.53,42.64,3.44,29122.306,31395.018
2019-01-01,2019-12-31,TLS,35926.04,56.75,4.58,38759.705,41784.48
2020-01-01,2020-12-31,TLS,22228.43,35.11,2.84,23983.319,25854.682
2021-01-01,2021-12-31,TLS,8743.227816,13.81068792,1.11547864,9433.071677688,10169.181343824
2015-01-01,2015-12-31,TON,,,,,
2016-01-01,2016-12-31,TON,,,,,
2017-01-01,2017-12-31,TON,,,,,
2018-01-01,2018-12-31,TON,,,,,
2019-01-01,2019-12-31,TON,,,,,
2020-01-01,2020-12-31,TON,,,,,
2021-01-01,2021-12-31,TON,,,,,
2015-01-01,2015-12-31,TTO,,,,,
2016-01-01,2016-12-31,TTO,,,,,
2017-01-01,2017-12-31,TTO,,,,,
2018-01-01,2018-12-31,TTO,,,,,
2019-01-01,2019-12-31,TTO,,,,,
2020-01-01,2020-12-31,TTO,,,,,
2021-01-01,2021-12-31,TTO,2822.278126,4.458033492,0.3600719359,3044.9568989275003,3282.5700840511004
2015-01-01,2015-12-31,TUN,144372.55,228.05,18.42,155763.805,167918.87
2016-01-01,2016-12-31,TUN,84983.99,134.24,10.84,91688.606,98843.598
2017-01-01,2017-12-31,TUN,237862.1,375.72,30.35,256630.238,276656.114
2018-01-01,2018-12-31,TUN,,,,,
2019-01-01,2019-12-31,TUN,78314.25,123.7,9.99,84492.75,91085.96
2020-01-01,2020-12-31,TUN,156455.36,247.13,19.96,168799.36699999997,181971.396
2021-01-01,2021-12-31,TUN,214116.1886,338.2151217,27.31737521,231010.03392776,249036.89991437
2015-01-01,2015-12-31,TUR,103424.65,163.37,13.2,111586.273,120293.894
2016-01-01,2016-12-31,TUR,165415.83,261.29,21.1,178466.12099999998,192392.878
2017-01-01,2017-12-31,TUR,148428.12,234.46,18.94,160140.174,172636.892
2018-01-01,2018-12-31,TUR,126071.7,199.14,16.08,136017.546,146631.70799999998
2019-01-01,2019-12-31,TUR,129498.66,204.55,16.52,139715.565,150618.08
2020-01-01,2020-12-31,TUR,163849.69,258.81,20.9,176776.189,190570.762
2021-01-01,2021-12-31,TUR,270179.6936,426.7722985,34.47007027,291496.96991185995,314243.93342191
2015-01-01,2015-12-31,TUV,,,,,
2016-01-01,2016-12-31,TUV,,,,,
2017-01-01,2017-12-31,TUV,,,,,
2018-01-01,2018-12-31,TUV,,,,,
2019-01-01,2019-12-31,TUV,,,,,
2020-01-01,2020-12-31,TUV,,,,,
2021-01-01,2021-12-31,TUV,,,,,
2015-01-01,2015-12-31,TWN,,,,,
2016-01-01,2016-12-31,TWN,,,,,
2017-01-01,2017-12-31,TWN,,,,,
2018-01-01,2018-12-31,TWN,,,,,
2019-01-01,2019-12-31,TWN,,,,,
2020-01-01,2020-12-31,TWN,,,,,
2021-01-01,2021-12-31,TWN,,,,,
2015-01-01,2015-12-31,TZA,9832654.06,15531.53,1254.47,10608454.057000002,11436284.606
2016-01-01,2016-12-31,TZA,12257720.67,19362.13,1563.86,13224857.876999998,14256859.406
2017-01-01,2017-12-31,TZA,7349403.67,11609.02,937.65,7929273.778,8548034.544
2018-01-01,2018-12-31,TZA,8065471.85,12740.11,1029.01,8701840.649,9380888.512
2019-01-01,2019-12-31,TZA,7851341.15,12401.88,1001.69,8470814.972,9131835.176
2020-01-01,2020-12-31,TZA,13545787.49,21396.75,1728.2,14614555.415,15755002.19
2021-01-01,2021-12-31,TZA,10032020.03,15846.4472,1279.905351,10823550.067703,11668165.703463
2015-01-01,2015-12-31,UGA,9617279.04,15191.33,1226.99,10376085.417,11185783.305999998
2016-01-01,2016-12-31,UGA,10471803.94,16541.12,1336.01,11298031.918,12179673.614
2017-01-01,2017-12-31,UGA,7639262.96,12066.88,974.63,8242002.902,8885167.606
2018-01-01,2018-12-31,UGA,7229390.58,11419.45,922.34,7799792.055000001,8408448.74
2019-01-01,2019-12-31,UGA,4051740.4,6400.08,516.93,4371424.522,4712548.785999999
2020-01-01,2020-12-31,UGA,7659022.4,12098.09,977.15,8263321.061000001,8908149.258
2021-01-01,2021-12-31,UGA,6201138.16,9795.236461,791.1537142,6690410.2212385,7212496.3246098
2015-01-01,2015-12-31,UKR,,,,,
2016-01-01,2016-12-31,UKR,,,,,
2017-01-01,2017-12-31,UKR,,,,,
2018-01-01,2018-12-31,UKR,,,,,
2019-01-01,2019-12-31,UKR,,,,,
2020-01-01,2020-12-31,UKR,,,,,
2021-01-01,2021-12-31,UKR,11436.71951,18.06529205,1.459119743,12339.080848034,13301.960914299
2015-01-01,2015-12-31,UMI,,,,,
2016-01-01,2016-12-31,UMI,,,,,
2017-01-01,2017-12-31,UMI,,,,,
2018-01-01,2018-12-31,UMI,,,,,
2019-01-01,2019-12-31,UMI,,,,,
2020-01-01,2020-12-31,UMI,,,,,
2021-01-01,2021-12-31,UMI,,,,,
2015-01-01,2015-12-31,URY,18474.8,29.18,2.36,19933.202,21488.496
2016-01-01,2016-12-31,URY,5986.02,9.46,0.76,6457.434,6961.652
2017-01-01,2017-12-31,URY,4334.91,6.85,0.55,4676.174999999999,5041.28
2018-01-01,2018-12-31,URY,9916.02,15.66,1.27,10699.644,11534.322
2019-01-01,2019-12-31,URY,7401.32,11.69,0.94,7984.090999999999,8607.168
2020-01-01,2020-12-31,URY,22730.13,35.9,2.9,24523.44,26436.91
2021-01-01,2021-12-31,URY,10124.11954,15.99192637,1.291655592,10922.916262338998,11775.28593786
2015-01-01,2015-12-31,USA,11936584.57,18854.87,1522.89,12878384.413,13883348.984
2016-01-01,2016-12-31,USA,8506175.01,13436.24,1085.23,9177313.896,9893465.487999998
2017-01-01,2017-12-31,USA,12963158.46,20476.43,1653.87,13985957.367,15077351.086
2018-01-01,2018-12-31,USA,13795173.15,21790.67,1760.02,14883618.303,16045061.014
2019-01-01,2019-12-31,USA,7477519.02,11811.39,954.0,8067498.800999999,8697045.888
2020-01-01,2020-12-31,USA,21978726.3,34717.31,2804.09,23712855.819,25563288.442
2021-01-01,2021-12-31,USA,8420462.389,13300.85189,1074.299576,9084839.940979,9793775.346716
2015-01-01,2015-12-31,UZB,44107.88,69.67,5.63,47588.66299999999,51302.07399999999
2016-01-01,2016-12-31,UZB,81068.51,128.05,10.34,87463.925,94288.99
2017-01-01,2017-12-31,UZB,71057.31,112.24,9.07,76664.916,82647.308
2018-01-01,2018-12-31,UZB,54521.83,86.12,6.96,58824.658,63414.85400000001
2019-01-01,2019-12-31,UZB,62253.86,98.34,7.94,67165.166,72406.688
2020-01-01,2020-12-31,UZB,71585.9,113.08,9.13,77233.322,83260.486
2021-01-01,2021-12-31,UZB,86913.63717,137.2876407,11.08861714,93771.15482475,101088.58607406
2015-01-01,2015-12-31,VAT,,,,,
2016-01-01,2016-12-31,VAT,,,,,
2017-01-01,2017-12-31,VAT,,,,,
2018-01-01,2018-12-31,VAT,,,,,
2019-01-01,2019-12-31,VAT,,,,,
2020-01-01,2020-12-31,VAT,,,,,
2021-01-01,2021-12-31,VAT,,,,,
2015-01-01,2015-12-31,VCT,,,,,
2016-01-01,2016-12-31,VCT,,,,,
2017-01-01,2017-12-31,VCT,,,,,
2018-01-01,2018-12-31,VCT,,,,,
2019-01-01,2019-12-31,VCT,,,,,
2020-01-01,2020-12-31,VCT,,,,,
2021-01-01,2021-12-31,VCT,,,,,
2015-01-01,2015-12-31,VEN,2925485.53,4621.06,373.24,3156307.624,3402610.122
2016-01-01,2016-12-31,VEN,2736647.78,4322.77,349.15,2952571.013,3182974.654
2017-01-01,2017-12-31,VEN,2322454.74,3668.52,296.3,2505696.348,2701228.464
2018-01-01,2018-12-31,VEN,3227730.09,5098.48,411.8,3482399.082,3754148.066
2019-01-01,2019-12-31,VEN,3889104.1,6143.18,496.18,4195955.962,4523387.455999999
2020-01-01,2020-12-31,VEN,3757831.46,5935.82,479.43,4054325.228,4370704.433999999
2021-01-01,2021-12-31,VEN,2500256.111,3949.371743,318.9877177,2697527.2295618,2908028.7434637
2015-01-01,2015-12-31,VGB,,,,,
2016-01-01,2016-12-31,VGB,,,,,
2017-01-01,2017-12-31,VGB,,,,,
2018-01-01,2018-12-31,VGB,,,,,
2019-01-01,2019-12-31,VGB,,,,,
2020-01-01,2020-12-31,VGB,,,,,
2021-01-01,2021-12-31,VGB,,,,,
2015-01-01,2015-12-31,VIR,,,,,
2016-01-01,2016-12-31,VIR,,,,,
2017-01-01,2017-12-31,VIR,,,,,
2018-01-01,2018-12-31,VIR,,,,,
2019-01-01,2019-12-31,VIR,,,,,
2020-01-01,2020-12-31,VIR,,,,,
2021-01-01,2021-12-31,VIR,105.6640282,0.1669055123,0.01348082984,114.00095853949,122.89702234508
2015-01-01,2015-12-31,VNM,,,,,
2016-01-01,2016-12-31,VNM,,,,,
2017-01-01,2017-12-31,VNM,,,,,
2018-01-01,2018-12-31,VNM,,,,,
2019-01-01,2019-12-31,VNM,,,,,
2020-01-01,2020-12-31,VNM,,,,,
2021-01-01,2021-12-31,VNM,4947.119893,7.814405664,0.6311635344,5337.4494559168,5753.957277808
2015-01-01,2015-12-31,VUT,,,,,
2016-01-01,2016-12-31,VUT,,,,,
2017-01-01,2017-12-31,VUT,,,,,
2018-01-01,2018-12-31,VUT,,,,,
2019-01-01,2019-12-31,VUT,,,,,
2020-01-01,2020-12-31,VUT,,,,,
2021-01-01,2021-12-31,VUT,,,,,
2015-01-01,2015-12-31,WLF,,,,,
2016-01-01,2016-12-31,WLF,,,,,
2017-01-01,2017-12-31,WLF,,,,,
2018-01-01,2018-12-31,WLF,,,,,
2019-01-01,2019-12-31,WLF,,,,,
2020-01-01,2020-12-31,WLF,,,,,
2021-01-01,2021-12-31,WLF,,,,,
2015-01-01,2015-12-31,WSM,,,,,
2016-01-01,2016-12-31,WSM,,,,,
2017-01-01,2017-12-31,WSM,,,,,
2018-01-01,2018-12-31,WSM,,,,,
2019-01-01,2019-12-31,WSM,,,,,
2020-01-01,2020-12-31,WSM,,,,,
2021-01-01,2021-12-31,WSM,,,,,
2015-01-01,2015-12-31,XKX,,,,,
2016-01-01,2016-12-31,XKX,,,,,
2017-01-01,2017-12-31,XKX,,,,,
2018-01-01,2018-12-31,XKX,,,,,
2019-01-01,2019-12-31,XKX,,,,,
2020-01-01,2020-12-31,XKX,,,,,
2021-01-01,2021-12-31,XKX,,,,,
2015-01-01,2015-12-31,YEM,7619.1,12.04,0.97,8219.826000000001,8861.557999999999
2016-01-01,2016-12-31,YEM,,,,,
2017-01-01,2017-12-31,YEM,6397.92,10.11,0.82,6903.848999999999,7442.711999999999
2018-01-01,2018-12-31,YEM,11339.93,17.91,1.45,12235.469,13190.072
2019-01-01,2019-12-31,YEM,7261.78,11.47,0.93,7835.683,8447.034
2020-01-01,2020-12-31,YEM,6460.83,10.21,0.82,6969.549,7513.741999999999
2021-01-01,2021-12-31,YEM,15108.34284,23.86494008,1.927552853,16300.396597100998,17572.397903365
2015-01-01,2015-12-31,ZAF,5009036.86,7912.21,639.06,5404250.899,5825971.692000001
2016-01-01,2016-12-31,ZAF,2369995.22,3743.61,302.37,2556988.949,2756523.362
2017-01-01,2017-12-31,ZAF,4841376.28,7647.37,617.67,5223361.813,5630966.634000001
2018-01-01,2018-12-31,ZAF,5394736.65,8521.46,688.27,5820383.0940000005,6274576.9120000005
2019-01-01,2019-12-31,ZAF,4319234.66,6822.61,551.06,4660024.859,5023669.972
2020-01-01,2020-12-31,ZAF,4489528.24,7091.6,572.78,4843752.82,5221735.100000001
2021-01-01,2021-12-31,ZAF,8784593.535,13876.02867,1120.756162,9477701.167119,10217293.49523
2015-01-01,2015-12-31,ZMB,10710760.04,16918.58,1366.5,11555842.921999998,12457603.236
2016-01-01,2016-12-31,ZMB,10273219.55,16227.44,1310.68,11083780.766,11948703.318000002
2017-01-01,2017-12-31,ZMB,9362860.5,14789.45,1194.53,10101592.845,10889870.53
2018-01-01,2018-12-31,ZMB,9518842.38,15035.84,1214.43,10269881.706000002,11071291.978000002
2019-01-01,2019-12-31,ZMB,8679650.34,13710.26,1107.37,9364478.604,10095235.462
2020-01-01,2020-12-31,ZMB,8025947.59,12677.68,1023.97,8659198.672,9334919.016
2021-01-01,2021-12-31,ZMB,7495024.298,11839.04203,956.2303174,8086384.447287201,8717405.387486199
2015-01-01,2015-12-31,ZWE,7239327.03,11435.15,923.61,7810513.245,8420006.74
2016-01-01,2016-12-31,ZWE,3815036.3,6026.18,486.73,4116044.012,4437239.406
2017-01-01,2017-12-31,ZWE,5468433.41,8637.87,697.67,5899893.893,6360292.364
2018-01-01,2018-12-31,ZWE,6691453.93,10569.73,853.71,7219412.227,7782778.836
2019-01-01,2019-12-31,ZWE,4532541.57,7159.54,578.27,4890160.446,5271763.928
2020-01-01,2020-12-31,ZWE,2195400.87,3467.83,280.09,2368617.897,2553453.236
2021-01-01,2021-12-31,ZWE,4253091.401,6718.127365,542.6179795,4588661.862887,4946738.0514415
